IA,POLK,Polk-ALTOONA-1,6
IA,POLK,Polk-ALTOONA-2,8
IA,POLK,Polk-ALTOONA-3,10
IA,POLK,Polk-ALTOONA-4,9
IA,POLK,Polk-ALTOONA-5,7
IA,POLK,Polk-ANKENY-1,10
IA,POLK,Polk-ANKENY-2,7
IA,POLK,Polk-ANKENY-3,6
IA,POLK,Polk-ANKENY-4,8
IA,POLK,Polk-ANKENY-5,9
IA,POLK,Polk-ANKENY-6,8
IA,POLK,Polk-ANKENY-7,7
IA,POLK,Polk-ANKENY-8,7
IA,POLK,Polk-ANKENY-9,7
IA,POLK,Polk-ANKENY-10,7
IA,POLK,Polk-ANKENY-11,8
IA,POLK,Polk-ANKENY-12,8
IA,POLK,Polk-ANKENY-13,9
IA,POLK,Polk-ANKENY-14,6
IA,POLK,Polk-ANKENY-15,7
IA,POLK,Polk-DES MOINES-1,3
IA,POLK,Polk-DES MOINES-2,7
IA,POLK,Polk-DES MOINES-3,10
IA,POLK,Polk-DES MOINES-4,6
IA,POLK,Polk-DES MOINES-5,4
IA,POLK,Polk-DES MOINES-6,5
IA,POLK,Polk-DES MOINES-7,10
IA,POLK,Polk-DES MOINES-8,6
IA,POLK,Polk-DES MOINES-9,9
IA,POLK,Polk-DES MOINES-10,9
IA,POLK,Polk-DES MOINES-11,9
IA,POLK,Polk-DES MOINES-12,5
IA,POLK,Polk-DES MOINES-13,6
IA,POLK,Polk-DES MOINES-14,6
IA,POLK,Polk-DES MOINES-15,15
IA,POLK,Polk-DES MOINES-16,13
IA,POLK,Polk-DES MOINES-17,7
IA,POLK,Polk-DES MOINES-18,5
IA,POLK,Polk-DES MOINES-19,5
IA,POLK,Polk-DES MOINES-20,8
IA,POLK,Polk-DES MOINES-21,8
IA,POLK,Polk-DES MOINES-22,7
IA,POLK,Polk-DES MOINES-23,7
IA,POLK,Polk-DES MOINES-24,4
IA,POLK,Polk-DES MOINES-25,6
IA,POLK,Polk-DES MOINES-26,9
IA,POLK,Polk-DES MOINES-27,7
IA,POLK,Polk-DES MOINES-28,10
IA,POLK,Polk-DES MOINES-29,6
IA,POLK,Polk-DES MOINES-30,6
IA,POLK,Polk-DES MOINES-31,8
IA,POLK,Polk-DES MOINES-32,7
IA,POLK,Polk-DES MOINES-33,6
IA,POLK,Polk-DES MOINES-34,4
IA,POLK,Polk-DES MOINES-35,3
IA,POLK,Polk-DES MOINES-36,8
IA,POLK,Polk-DES MOINES-37,6
IA,POLK,Polk-DES MOINES-38,5
IA,POLK,Polk-DES MOINES-39,12
IA,POLK,Polk-DES MOINES-40,5
IA,POLK,Polk-DES MOINES-41,14
IA,POLK,Polk-DES MOINES-42,12
IA,POLK,Polk-DES MOINES-43,9
IA,POLK,Polk-DES MOINES-44,11
IA,POLK,Polk-DES MOINES-45,6
IA,POLK,Polk-DES MOINES-46,7
IA,POLK,Polk-DES MOINES-47,6
IA,POLK,Polk-DES MOINES-48,1
IA,POLK,Polk-DES MOINES-49,3
IA,POLK,Polk-DES MOINES-50,6
IA,POLK,Polk-DES MOINES-51,5
IA,POLK,Polk-DES MOINES-52,5
IA,POLK,Polk-DES MOINES-53,4
IA,POLK,Polk-DES MOINES-54,3
IA,POLK,Polk-DES MOINES-55,10
IA,POLK,Polk-DES MOINES-56,8
IA,POLK,Polk-DES MOINES-57,6
IA,POLK,Polk-DES MOINES-58,10
IA,POLK,Polk-DES MOINES-59,10
IA,POLK,Polk-DES MOINES-60,9
IA,POLK,Polk-DES MOINES-61,8
IA,POLK,Polk-DES MOINES-62,15
IA,POLK,Polk-DES MOINES-63,9
IA,POLK,Polk-DES MOINES-64,8
IA,POLK,Polk-DES MOINES-65,9
IA,POLK,Polk-DES MOINES-66,11
IA,POLK,Polk-DES MOINES-67,2
IA,POLK,Polk-DES MOINES-68,6
IA,POLK,Polk-DES MOINES-69,8
IA,POLK,Polk-DES MOINES-70,5
IA,POLK,Polk-DES MOINES-71,9
IA,POLK,Polk-DES MOINES-72,1
IA,POLK,Polk-DES MOINES-73,7
IA,POLK,Polk-DES MOINES-74,3
IA,POLK,Polk-DES MOINES-75,7
IA,POLK,Polk-DES MOINES-76,8
IA,POLK,Polk-DES MOINES-77,7
IA,POLK,Polk-DES MOINES-78,7
IA,POLK,Polk-DES MOINES-79,9
IA,POLK,Polk-DES MOINES-80,11
IA,POLK,Polk-DES MOINES-81,7
IA,POLK,Polk-DES MOINES-82,6
IA,POLK,Polk-DES MOINES-83,9
IA,POLK,Polk-DES MOINES-84,5
IA,ADAIR,Adair-1NW,9
IA,ADAIR,Adair-2NE,11
IA,ADAIR,Adair-3SW,9
IA,ADAIR,Adair-4SE,10
IA,ADAIR,Adair-5GF,11
IA,DALLAS,Dallas-ADAMS,2
IA,DALLAS,Dallas-ADEL 1,3
IA,DALLAS,Dallas-ADEL 2,3
IA,DALLAS,Dallas-BEAVER / DES MOINES,5
IA,DALLAS,Dallas-CLIVE 5,4
IA,DALLAS,Dallas-CLIVE 6,4
IA,DALLAS,Dallas-COLFAX / ADEL,2
IA,DALLAS,Dallas-DESOTO,2
IA,DALLAS,Dallas-LINCOLN /WASHINGTON /LINN,2
IA,DALLAS,Dallas-PERRY 1,5
IA,DALLAS,Dallas-PERRY 2,4
IA,DALLAS,Dallas-PERRY 3,4
IA,DALLAS,Dallas-SPRING VALLEY / DALLAS,2
IA,DALLAS,Dallas-SUGAR GROVE / DALLAS CENTER,4
IA,DALLAS,Dallas-UNION,4
IA,DALLAS,Dallas-URBANDALE 13,5
IA,DALLAS,Dallas-URBANDALE 14,4
IA,DALLAS,Dallas-URBANDALE 15,2
IA,DALLAS,Dallas-VAN METER,4
IA,DALLAS,Dallas-WALNUT / GRIMES / GRANT,4
IA,DALLAS,Dallas-WAUKEE 1,6
IA,DALLAS,Dallas-WAUKEE 2,3
IA,DALLAS,Dallas-WAUKEE 3,5
IA,DALLAS,Dallas-WAUKEE 4,4
IA,DALLAS,Dallas-WAUKEE 5,2
IA,DALLAS,Dallas-WAUKEE 6,3
IA,DALLAS,Dallas-WEST DES MOINES 221,6
IA,DALLAS,Dallas-WEST DES MOINES 222,4
IA,DALLAS,Dallas-WEST DES MOINES 223,4
IA,DALLAS,Dallas-WEST DES MOINES 224,1
IA,DALLAS,Dallas-WEST DES MOINES 225,6
IA,DALLAS,Dallas-WEST DES MOINES 226,3
IA,DALLAS,Dallas-WEST DES MOINES 321,2
IA,DALLAS,Dallas-WEST DES MOINES 322,2
IA,GUTHRIE,Guthrie-Black,5
IA,GUTHRIE,Guthrie-Blue,13
IA,GUTHRIE,Guthrie-Brown,4
IA,GUTHRIE,Guthrie-Gold,12
IA,GUTHRIE,Guthrie-Green,7
IA,GUTHRIE,Guthrie-Purple,13
IA,GUTHRIE,Guthrie-Red,4
IA,GUTHRIE,Guthrie-White,2
IA,JASPER,Jasper-Colfax Ward 1,4
IA,JASPER,Jasper-Colfax Ward 2,5
IA,JASPER,Jasper-Colfax Ward 3,4
IA,JASPER,Jasper-Clear Creek/Poweshiek,9
IA,JASPER,Jasper-Des Moines,11
IA,JASPER,Jasper-Elk Creek/Lynngrove,4
IA,JASPER,Jasper-Fairview,12
IA,JASPER,Jasper-HG/K/RC/BV/RL,16
IA,JASPER,Jasper-Indep/Malaka/Mariposa,12
IA,JASPER,Jasper-Mound Prairie/Washington,7
IA,JASPER,Jasper-Newton/Sherman,13
IA,JASPER,Jasper-Newton 1-1,13
IA,JASPER,Jasper-Newton 1-2,11
IA,JASPER,Jasper-Newton 2-1,14
IA,JASPER,Jasper-Newton 2-2,10
IA,JASPER,Jasper-Newton 3-1,14
IA,JASPER,Jasper-Newton 3-2,11
IA,JASPER,Jasper-Newton 4-1,15
IA,JASPER,Jasper-Newton 4-2,10
IA,JASPER,Jasper-Palo Alto,5
IA,MADISON,Madison-Grand River-Monroe-Webster,3
IA,MADISON,Madison-Jackson-Douglas-Lincoln,5
IA,MADISON,Madison-Jefferson-Lee,5
IA,MADISON,Madison-Penn-Madison,7
IA,MADISON,Madison-South,6
IA,MADISON,Madison-Union-Crawford-Scott,8
IA,MADISON,Madison-Walnut-Ohio,5
IA,MADISON,Madison-Winterset 1,10
IA,MADISON,Madison-Winterset 2,11
IA,MARION,Marion-Clay,2
IA,MARION,Marion-Dallas,7
IA,MARION,Marion-Indiana Township,3
IA,MARION,Marion-Knoxville One,7
IA,MARION,Marion-Knoxville Two,7
IA,MARION,Marion-Knoxville Three,9
IA,MARION,Marion-Knoxville Four,5
IA,MARION,Marion-Knoxville Township,10
IA,MARION,Marion-Liberty,3
IA,MARION,Marion-Lake Prairie Township,4
IA,MARION,Marion-Otley,5
IA,MARION,Marion-Pella One,6
IA,MARION,Marion-Pella Two,6
IA,MARION,Marion-Pella Three,7
IA,MARION,Marion-Pella Four,5
IA,MARION,Marion-Pleasantville,12
IA,MARION,Marion-Washington Township,2
IA,POLK,Polk-ALLEMAN-1,2
IA,POLK,Polk-ALLEN-1,1
IA,POLK,Polk-BONDURANT-1,5
IA,POLK,Polk-BONDURANT-2,5
IA,POLK,Polk-CLAY-1,3
IA,POLK,Polk-CLIVE-1,5
IA,POLK,Polk-CLIVE-2,7
IA,POLK,Polk-CLIVE-3,9
IA,POLK,Polk-CLIVE-4,7
IA,POLK,Polk-CROCKER-1,6
IA,POLK,Polk-CROCKER-2,3
IA,POLK,Polk-DELAWARE-1,7
IA,POLK,Polk-DELAWARE-2,2
IA,POLK,Polk-DOUGLAS-1,2
IA,POLK,Polk-ELKHART-1,3
IA,POLK,Polk-FOUR MILE-1,6
IA,POLK,Polk-FRANKLIN-1,3
IA,POLK,Polk-GRANGER-1,1
IA,POLK,Polk-GRIMES-1,8
IA,POLK,Polk-GRIMES-2,8
IA,POLK,Polk-GRIMES-3,5
IA,POLK,Polk-JEFFERSON-1,4
IA,POLK,Polk-JOHNSTON-1,9
IA,POLK,Polk-JOHNSTON-2,9
IA,POLK,Polk-JOHNSTON-3,6
IA,POLK,Polk-JOHNSTON-4,7
IA,POLK,Polk-JOHNSTON-5,10
IA,POLK,Polk-JOHNSTON-6,4
IA,POLK,Polk-MADISON-1,1
IA,POLK,Polk-MITCHELLVILLE-1,6
IA,POLK,Polk-PLEASANT HILL-1,9
IA,POLK,Polk-PLEASANT HILL-2,8
IA,POLK,Polk-PLEASANT HILL-3,7
IA,POLK,Polk-POLK CITY-1,9
IA,POLK,Polk-RUNNELLS-1,5
IA,POLK,Polk-SAYLOR-1,8
IA,POLK,Polk-SAYLOR-2,6
IA,POLK,Polk-SHELDAHL-1,1
IA,POLK,Polk-URBANDALE-1,8
IA,POLK,Polk-URBANDALE-2,9
IA,POLK,Polk-URBANDALE-3,9
IA,POLK,Polk-URBANDALE-4,8
IA,POLK,Polk-URBANDALE-5,8
IA,POLK,Polk-URBANDALE-6,10
IA,POLK,Polk-URBANDALE-7,8
IA,POLK,Polk-URBANDALE-8,9
IA,POLK,Polk-URBANDALE-9,9
IA,POLK,Polk-URBANDALE-10,7
IA,POLK,Polk-URBANDALE-11,6
IA,POLK,Polk-WASHINGTON-1,1
IA,POLK,Polk-WEBSTER-1,2
IA,POLK,Polk-WDM-111,7
IA,POLK,Polk-WDM-112,4
IA,POLK,Polk-WDM-113,8
IA,POLK,Polk-WDM-114,10
IA,POLK,Polk-WDM-115,6
IA,POLK,Polk-WDM-116,8
IA,POLK,Polk-WDM-117,8
IA,POLK,Polk-WDM-118,8
IA,POLK,Polk-WDM-211,6
IA,POLK,Polk-WDM-212,9
IA,POLK,Polk-WDM-213,4
IA,POLK,Polk-WDM-311,6
IA,POLK,Polk-WDM-312,7
IA,POLK,Polk-WDM-313,3
IA,POLK,Polk-WDM-314,4
IA,POLK,Polk-WDM-315,7
IA,POLK,Polk-WDM-316,8
IA,POLK,Polk-WDM-317,7
IA,POLK,Polk-WDM-318,2
IA,POLK,Polk-WINDSOR HEIGHTS-1,5
IA,POLK,Polk-WINDSOR HEIGHTS-2,6
IA,POLK,Polk-WINDSOR HEIGHTS-3,8
IA,WARREN,Warren-ALLEN 2,7
IA,WARREN,Warren-ALLEN 3,7
IA,WARREN,Warren-BELMONT TWP,1
IA,WARREN,Warren-CUMMING/ WDM,1
IA,WARREN,Warren-GREENFIELD 1 TWP,5
IA,WARREN,Warren-GREENFIELD 1/ DM85,7
IA,WARREN,Warren-GR1-DM86 CITY,1
IA,WARREN,Warren-GREENFIELD 2/ LINCOLN 2,7
IA,WARREN,Warren-INDIANOLA 1,4
IA,WARREN,Warren-INDIANOLA 2,8
IA,WARREN,Warren-INDIANOLA 3,4
IA,WARREN,Warren-INDIANOLA 4,11
IA,WARREN,Warren-INDIANOLA 5,7
IA,WARREN,Warren-INDIANOLA 6,5
IA,WARREN,Warren-INDIANOLA 7,10
IA,WARREN,Warren-JEFFERSON,5
IA,WARREN,Warren-JACKSON,3
IA,WARREN,Warren-LIBERTY TWP,1
IA,WARREN,Warren-LINCOLN TWP,2
IA,WARREN,Warren-NORWALK 1,7
IA,WARREN,Warren-NORWALK 2/ GREENFIELD,7
IA,WARREN,Warren-NORWALK 3/ LINN,10
IA,WARREN,Warren-NORWALK 4 CITY,7
IA,WARREN,Warren-OTTER/ MILO,5
IA,WARREN,Warren-PALMYRA TWP,2
IA,WARREN,Warren-RICHLAND/ PALMYRA,4
IA,WARREN,Warren-SQUAW CREEK TWP,2
IA,WARREN,Warren-UNION,2
IA,WARREN,Warren-VIRGINIA,3
IA,WARREN,Warren-WHITE BREAST,2
IA,WARREN,Warren-WHITE OAK TWP,3
IA,ADAMS,Adams-Adams 1,6
IA,ADAMS,Adams-Adams 2,6
IA,ADAMS,Adams-Adams 3,7
IA,ADAMS,Adams-Adams 4,6
IA,ADAMS,Adams-Adams 5,5
IA,APPANOOSE,Appanoose-Bellair/Lincoln,4
IA,APPANOOSE,Appanoose-Centerville Ward 1,11
IA,APPANOOSE,Appanoose-Centerville Ward 2,12
IA,APPANOOSE,Appanoose-Centerville Ward 3,10
IA,APPANOOSE,Appanoose-Caldwell Township,3
IA,APPANOOSE,Appanoose-Johns/Independence,3
IA,APPANOOSE,Appanoose-Pleasant/Franklin,5
IA,APPANOOSE,Appanoose-Taylor/Chariton,7
IA,APPANOOSE,Appanoose-Union/Udell Township Total,3
IA,APPANOOSE,Appanoose-Vermillion/Douglas/Sharon,6
IA,APPANOOSE,Appanoose-Walnut Township,6
IA,APPANOOSE,Appanoose-Washington/Wells,5
IA,AUDUBON,Audubon-Precinct One,21
IA,AUDUBON,Audubon-Precinct Two,19
IA,CASS,Cass-Grant- Lincoln Twp/Anita,6
IA,CASS,Cass-Atlantic 1,4
IA,CASS,Cass-Atlantic 2,5
IA,CASS,Cass-Atlantic 3,5
IA,CASS,Cass-Atlantic 4,6
IA,CASS,Cass-Atlantic 5,6
IA,CASS,Cass-Benton- Franklin Twp/Wiota,2
IA,CASS,Cass-Union Twp/Cumberland,1
IA,CASS,Cass-Noble- Pleasant Twp/Griswold,5
IA,CASS,Cass-Bear Grove- Cass Twp/Lewis,3
IA,CASS,Cass-Brighton- Grove- Pymosa- Washington Twp/Marne,4
IA,CASS,Cass-Massena Twp/Massena City,2
IA,CASS,Cass-Enda- Victoria Twp,1
IA,CLARKE,Clarke-Middle Precinct,5
IA,CLARKE,Clarke-Murray Precinct,8
IA,CLARKE,Clarke-North East Precinct,9
IA,CLARKE,Clarke-Osceola 1st Ward Precinct,7
IA,CLARKE,Clarke-Osceola 2nd Ward Precinct,8
IA,CLARKE,Clarke-Osceola 3rd Ward Precinct,9
IA,CLARKE,Clarke-Woodburn Precinct,4
IA,CRAWFORD,Crawford-Charter Oak,3
IA,CRAWFORD,Crawford-Denison Ward 1,9
IA,CRAWFORD,Crawford-Denison Ward 2-Denison Twp,10
IA,CRAWFORD,Crawford-Denison Ward 3-Goodrich Twp,11
IA,CRAWFORD,Crawford-DCAB,6
IA,CRAWFORD,Crawford-Northeast,7
IA,CRAWFORD,Crawford-Southeast,8
IA,CRAWFORD,Crawford-SRK,6
IA,DAVIS,Davis-Bloomfield Ward 1,14
IA,DAVIS,Davis-Bloomfield Ward 2,14
IA,DAVIS,Davis-Bloomfield Ward 3,13
IA,DAVIS,Davis-Central,16
IA,DAVIS,Davis-Northeast,14
IA,DAVIS,Davis-Northwest,12
IA,DAVIS,Davis-Southeast,9
IA,DAVIS,Davis-Southwest,8
IA,DECATUR,Decatur-BL/FA/Lamoni,25
IA,DECATUR,Decatur-BU/HA/MO/NB/Davis City/Pleasanton,5
IA,DECATUR,Decatur-DE/Decatur City,3
IA,DECATUR,Decatur-GG/HP/WE/Garden Grove/LeRoy,6
IA,DECATUR,Decatur-GR/RL/Grand River,4
IA,DECATUR,Decatur-FR/LC/Van Wert/Weldon,7
IA,DECATUR,Decatur-CE/ED/Leon,20
IA,FREMONT,Fremont-Farragut,4
IA,FREMONT,Fremont-Green Riverside Scott,5
IA,FREMONT,Fremont-Hamburg/Washington,4
IA,FREMONT,Fremont-Riverton,2
IA,FREMONT,Fremont-Sidney,5
IA,HARRISON,Harrison-Precinct #6-Boyer/Lincoln,2
IA,HARRISON,Harrison-Precinct #3-Dunlap,9
IA,HARRISON,Harrison-Precinct #2-Pisgah,3
IA,HARRISON,Harrison-Precinct #9-Jefferson/LaGrange,3
IA,HARRISON,Harrison-Precinct #10 - Logan,8
IA,HARRISON,Harrison-Precinct #1-Little Sioux,2
IA,HARRISON,Harrison-Precinct #5-Magnolia,5
IA,HARRISON,Harrison-Precinct #4-Mondamin,4
IA,HARRISON,Harrison-Precinct #12 - Missouri Valley,15
IA,HARRISON,Harrison-Precinct #11 - St. John,7
IA,HARRISON,Harrison-Precinct #8-Modale,4
IA,HARRISON,Harrison-Precinct #7 - Woodbine,8
IA,HARRISON,Harrison-Precinct #13-Persia,5
IA,JEFFERSON,Jefferson-Blackhawk-Polk-Packwood,1
IA,JEFFERSON,Jefferson-Buchanan Township,2
IA,JEFFERSON,Jefferson-Center-Cedar-Maharishi Vedic City,7
IA,JEFFERSON,Jefferson-Des Moines-Liberty-Libertyville,1
IA,JEFFERSON,Jefferson-Fairfield 1st Ward,8
IA,JEFFERSON,Jefferson-Fairfield 2nd Ward,11
IA,JEFFERSON,Jefferson-Fairfield 3rd Ward,4
IA,JEFFERSON,Jefferson-Fairfield 4th Ward,9
IA,JEFFERSON,Jefferson-Fairfield 5th Ward,7
IA,JEFFERSON,Jefferson-Locust Grove-Batavia,2
IA,JEFFERSON,Jefferson-Penn-Pleasant Plain,1
IA,JEFFERSON,Jefferson-Lockridge-Round Prairie-Walnut-Lockridge City-Coppock,2
IA,LUCAS,Lucas-Chariton City Hall,14
IA,LUCAS,Lucas-Chariton Community Center,13
IA,LUCAS,Lucas-L.C. Extension Office,4
IA,LUCAS,Lucas-Lucas,6
IA,LUCAS,Lucas-Pine Oak Marsh,5
IA,LUCAS,Lucas-City of Russell- Cedar and Washington Townships,6
IA,LUCAS,Lucas-Williamson,7
IA,MAHASKA,Mahaska-AD/MN/PG/UN,4
IA,MAHASKA,Mahaska-BO/ST,3
IA,MAHASKA,Mahaska-CE/HA/WO,9
IA,MAHASKA,Mahaska-E-W DM/JF,4
IA,MAHASKA,Mahaska-GF/LN/MD,8
IA,MAHASKA,Mahaska-Oskaloosa 1st Ward,14
IA,MAHASKA,Mahaska-Oskaloosa 2nd Ward,14
IA,MAHASKA,Mahaska-OS3/UP,18
IA,MAHASKA,Mahaska-OS4/LN,16
IA,MAHASKA,Mahaska-PR/RL,10
IA,MAHASKA,Mahaska-SP/KE,5
IA,MILLS,Mills-Deer Creek/White Cloud,1
IA,MILLS,Mills-Emerson/Hastings/Indian Creek,2
IA,MILLS,Mills-Glenwood Ward 1,4
IA,MILLS,Mills-Glenwood Ward 2,5
IA,MILLS,Mills-Glenwood Ward 3,7
IA,MILLS,Mills-Glenwood Township,4
IA,MILLS,Mills-Henderson/Anderson,1
IA,MILLS,Mills-Malvern/Tabor/Center Twp/Rawles Twp/Silver Creek,8
IA,MILLS,Mills-Oak/St. Mary,8
IA,MILLS,Mills-Pacific Junction/Lyons/Platville,3
IA,MILLS,Mills-Silver City/Ingraham,2
IA,MONONA,Monona-AS-BV-KB-LN-NW FR-TU,7
IA,MONONA,Monona-CN002,4
IA,MONONA,Monona-CP003,15
IA,MONONA,Monona-Fairview- Grant- Lake- Rodney- West Fork- Whiting,11
IA,MONONA,Monona-MH005,8
IA,MONONA,Monona-Onawa Ward 1,6
IA,MONONA,Monona-Onawa Ward 2- NE Franklin,6
IA,MONONA,Monona-Onawa Ward 3,7
IA,MONONA,Monona-Onawa Ward 4,6
IA,MONONA,Monona-SH010,5
IA,MONONA,Monona-St. Clair- Ute,5
IA,MONROE,Monroe-No. 1-Albia First Ward,8
IA,MONROE,Monroe-No. 2-Albia Second Ward,8
IA,MONROE,Monroe-No. 3-Albia Third Ward,8
IA,MONROE,Monroe-No. 4-Albia Fourth Ward,9
IA,MONROE,Monroe-No. 5-Courthouse,16
IA,MONROE,Monroe-No. 6-Lovilia Community Center,10
IA,MONROE,Monroe-No. 7-St. Patrick's Church,6
IA,MONTGOMERY,Montgomery-#1 Gold Fair Building,9
IA,MONTGOMERY,Montgomery-#2 Red Oak Fire Station,11
IA,MONTGOMERY,Montgomery-#3 First Christian Church,11
IA,MONTGOMERY,Montgomery-#4 Elliott Community Building,4
IA,MONTGOMERY,Montgomery-#5 Grant Fire Department,2
IA,MONTGOMERY,Montgomery-#6 Stanton Community Center,5
IA,MONTGOMERY,Montgomery-#7 Villisca Community Building,8
IA,PAGE,Page-Clarinda Ward 1,9
IA,PAGE,Page-Clarinda Ward 2,17
IA,PAGE,Page-Page County Courthouse,11
IA,PAGE,Page-Shenandoah Fire Station,7
IA,PAGE,Page-Essex City Hall,5
IA,PAGE,Page-Shenandoah 1,8
IA,PAGE,Page-Shenandoah 2,9
IA,PAGE,Page-Shenandoah 3,9
IA,POTTAWATTAMIE,Pottawattamie-Avoca,10
IA,POTTAWATTAMIE,Pottawattamie-Carson,4
IA,POTTAWATTAMIE,Pottawattamie-CB 01,9
IA,POTTAWATTAMIE,Pottawattamie-CB 02,13
IA,POTTAWATTAMIE,Pottawattamie-CB 03,11
IA,POTTAWATTAMIE,Pottawattamie-CB 04,11
IA,POTTAWATTAMIE,Pottawattamie-CB 05,12
IA,POTTAWATTAMIE,Pottawattamie-CB 06,15
IA,POTTAWATTAMIE,Pottawattamie-CB 07,15
IA,POTTAWATTAMIE,Pottawattamie-CB 08,17
IA,POTTAWATTAMIE,Pottawattamie-CB 09,13
IA,POTTAWATTAMIE,Pottawattamie-CB 10A,18
IA,POTTAWATTAMIE,Pottawattamie-CB 10B,11
IA,POTTAWATTAMIE,Pottawattamie-CB 11,16
IA,POTTAWATTAMIE,Pottawattamie-CB 12,14
IA,POTTAWATTAMIE,Pottawattamie-CB 13,10
IA,POTTAWATTAMIE,Pottawattamie-CB 14,10
IA,POTTAWATTAMIE,Pottawattamie-CB 15,11
IA,POTTAWATTAMIE,Pottawattamie-CB 16,12
IA,POTTAWATTAMIE,Pottawattamie-CB 17,15
IA,POTTAWATTAMIE,Pottawattamie-CB 18,12
IA,POTTAWATTAMIE,Pottawattamie-CB 19,8
IA,POTTAWATTAMIE,Pottawattamie-CB 20,9
IA,POTTAWATTAMIE,Pottawattamie-CB 21,9
IA,POTTAWATTAMIE,Pottawattamie-Carter Lake 1,7
IA,POTTAWATTAMIE,Pottawattamie-Carter Lake 2,8
IA,POTTAWATTAMIE,Pottawattamie-Crescent,14
IA,POTTAWATTAMIE,Pottawattamie-Garner,13
IA,POTTAWATTAMIE,Pottawattamie-GLWCW,3
IA,POTTAWATTAMIE,Pottawattamie-Hancock,2
IA,POTTAWATTAMIE,Pottawattamie-Lewis 1,11
IA,POTTAWATTAMIE,Pottawattamie-Lewis 2,11
IA,POTTAWATTAMIE,Pottawattamie-Macedonia,1
IA,POTTAWATTAMIE,Pottawattamie-McClelland,3
IA,POTTAWATTAMIE,Pottawattamie-Minden,4
IA,POTTAWATTAMIE,Pottawattamie-Neola,7
IA,POTTAWATTAMIE,Pottawattamie-Oakland,7
IA,POTTAWATTAMIE,Pottawattamie-Treynor,6
IA,POTTAWATTAMIE,Pottawattamie-Underwood,13
IA,POTTAWATTAMIE,Pottawattamie-Walnut,5
IA,RINGGOLD,Ringgold-Athens,10
IA,RINGGOLD,Ringgold-Clinton,6
IA,RINGGOLD,Ringgold-Mount Ayr 1,20
IA,RINGGOLD,Ringgold-Mount Ayr 2,21
IA,RINGGOLD,Ringgold-Tingley,4
IA,RINGGOLD,Ringgold-Union,7
IA,RINGGOLD,Ringgold-Washington,12
IA,SHELBY,Shelby-Therkildsen Center,12
IA,SHELBY,Shelby-EH-K School,9
IA,SHELBY,Shelby-Irwin Community Building,9
IA,SHELBY,Shelby-Shelby Community Hall,9
IA,SHELBY,Shelby-St Joseph,18
IA,SHELBY,Shelby-Therkildsen Center-Harlan No. 1,10
IA,SHELBY,Shelby-Therkildsen Center-Harlan No. 2,10
IA,SHELBY,Shelby-Therkildsen Center-Harlan No. 3,13
IA,SHELBY,Shelby-Therkildsen Center-Harlan No. 4,10
IA,TAYLOR,Taylor-7-3 Legion,3
IA,TAYLOR,Taylor-City of Bedford,7
IA,TAYLOR,Taylor-1-1 Blockton,1
IA,TAYLOR,Taylor-2-1 Clearfield,3
IA,TAYLOR,Taylor-3-1 Gravity,2
IA,TAYLOR,Taylor-5-2 Lenox,11
IA,TAYLOR,Taylor-4-1 New Market,3
IA,UNION,Union-Afton Methodist Church,11
IA,UNION,Union-Arispe Methodist Church,3
IA,UNION,Union-Salem Lutheran Church CS1,9
IA,UNION,Union-SWCC CS2,17
IA,UNION,Union-Trinity Lutheran Church CS3,11
IA,UNION,Union-Supertel CS4,11
IA,UNION,Union-Crest Baptist CS5,13
IA,UNION,Union-Lorimor,5
IA,VAN BUREN,Van Buren-Birmingham,4
IA,VAN BUREN,Van Buren-Bonaparte,5
IA,VAN BUREN,Van Buren-Cantril,2
IA,VAN BUREN,Van Buren-Douds,3
IA,VAN BUREN,Van Buren-Farmington,4
IA,VAN BUREN,Van Buren-Keosauqua,9
IA,VAN BUREN,Van Buren-Milton,2
IA,VAN BUREN,Van Buren-Stockport,1
IA,WAPELLO,Wapello-Adams/Blakesburg/Polk,7
IA,WAPELLO,Wapello-Agency/Agency/Pleasant,9
IA,WAPELLO,Wapello-Columbia/Eddyville,5
IA,WAPELLO,Wapello-Center Twp,8
IA,WAPELLO,Wapello-Competine Twp,1
IA,WAPELLO,Wapello-Cass/Chillicothe,1
IA,WAPELLO,Wapello-Dahlonega Twp,3
IA,WAPELLO,Wapello-Green Twp,4
IA,WAPELLO,Wapello-Highland Twp,1
IA,WAPELLO,Wapello-Keokuk Twp,5
IA,WAPELLO,Wapello-Pct 1,15
IA,WAPELLO,Wapello-Pct 2,16
IA,WAPELLO,Wapello-Pct 3,18
IA,WAPELLO,Wapello-Pct 4,12
IA,WAPELLO,Wapello-Pct 5,12
IA,WAPELLO,Wapello-Pct 6,13
IA,WAPELLO,Wapello-Pct 7,13
IA,WAPELLO,Wapello-Pct 8,15
IA,WAPELLO,Wapello-Pct 9,17
IA,WAPELLO,Wapello-Pct 10,15
IA,WAPELLO,Wapello-Richland/Kirkville,4
IA,WAPELLO,Wapello-Washington/Eldon,6
IA,WAYNE,Wayne-A-01 Allerton-Clio-Lineville,9
IA,WAYNE,Wayne-C-02 Corydon,13
IA,WAYNE,Wayne-H-03 Humeston-Millerton,9
IA,WAYNE,Wayne-S-04 Seymour-Promise City,9
IA,BUENA VISTA,Buena Vista-SL01,5
IA,BUENA VISTA,Buena Vista-SL02,3
IA,BUENA VISTA,Buena Vista-SL03,5
IA,BUENA VISTA,Buena Vista-SL04,5
IA,BUENA VISTA,Buena Vista-ACFC,2
IA,BUENA VISTA,Buena Vista-ALNE,5
IA,BUENA VISTA,Buena Vista-LKHM,3
IA,BUENA VISTA,Buena Vista-NENP,2
IA,BUENA VISTA,Buena Vista-SMLR,4
IA,BUENA VISTA,Buena Vista-TRWG,1
IA,CALHOUN,Calhoun-Butler- Williams,6
IA,CALHOUN,Calhoun-Cedar,2
IA,CALHOUN,Calhoun-Calhoun- Jackson- EG- LK,15
IA,CALHOUN,Calhoun-Center- Logan- TL- GA- L,4
IA,CALHOUN,Calhoun-Greenfield & Lincoln 2,3
IA,CALHOUN,Calhoun-Lincoln 1,11
IA,CALHOUN,Calhoun-Reading,3
IA,CALHOUN,Calhoun-Rockwell City,11
IA,CALHOUN,Calhoun-Sherman,2
IA,CALHOUN,Calhoun-Union,3
IA,CARROLL,Carroll-Carroll Ward One,13
IA,CARROLL,Carroll-Carroll Ward Two &amp; N1/2 Maple River Twp,17
IA,CARROLL,Carroll-Carroll Ward Three &amp; S1/2 Maple River Twp,13
IA,CARROLL,Carroll-Carroll Ward Four,12
IA,CARROLL,Carroll-Wheatland-Kniest,5
IA,CARROLL,Carroll-Sheridan-Grant-Jasper,5
IA,CARROLL,Carroll-Arcadia,3
IA,CARROLL,Carroll-Glidden-Richland,7
IA,CARROLL,Carroll-Washington-Roselle,4
IA,CARROLL,Carroll-Pleasant Valley-Newton,3
IA,CARROLL,Carroll-Ewoldt,8
IA,CARROLL,Carroll-Eden,2
IA,CARROLL,Carroll-Union,8
IA,CHEROKEE,Cherokee-#1 Aurelia,8
IA,CHEROKEE,Cherokee-#2 Cleghorn,9
IA,CHEROKEE,Cherokee-#3 Quimby,7
IA,CHEROKEE,Cherokee-#4 Cherokee,5
IA,CHEROKEE,Cherokee-#5 Cherokee Ward 1,9
IA,CHEROKEE,Cherokee-#6 Cherokee Ward 2,8
IA,CHEROKEE,Cherokee-#7 Cherokee Ward 3,9
IA,CLAY,Clay-Douglas-Peterson,4
IA,CLAY,Clay-Garfield-Herdland,2
IA,CLAY,Clay-Lake-Freeman,3
IA,CLAY,Clay-Logan-Gillett Grove,2
IA,CLAY,Clay-Lincoln-Clay,4
IA,CLAY,Clay-Spencer Ward 1,10
IA,CLAY,Clay-Spencer Ward 2,12
IA,CLAY,Clay-Spencer Ward 3,12
IA,CLAY,Clay-Spencer Ward 4,12
IA,CLAY,Clay-Spencer Ward 5,12
IA,CLAY,Clay-Summit-Riverton-Sioux-Meadow,8
IA,CLAY,Clay-Waterford-Lone Tree,4
IA,DICKINSON,Dickinson-Precinct No. 1,5
IA,DICKINSON,Dickinson-Precinct No. 2,5
IA,DICKINSON,Dickinson-Precinct No. 3,6
IA,DICKINSON,Dickinson-Precinct No. 4,2
IA,DICKINSON,Dickinson-Precinct No. 5,8
IA,DICKINSON,Dickinson-Precinct No. 6,3
IA,DICKINSON,Dickinson-Precinct No. 7,1
IA,DICKINSON,Dickinson-Precinct No. 8,14
IA,DICKINSON,Dickinson-Precinct No. 9,1
IA,DICKINSON,Dickinson-Precinct No. 10-City-Wahpeton-W Okoboji,4
IA,DICKINSON,Dickinson-Precinct No. 11,6
IA,DICKINSON,Dickinson-Precinct No. 12,3
IA,DICKINSON,Dickinson-Precinct No. 13,7
IA,DICKINSON,Dickinson-Precinct No. 14,4
IA,DICKINSON,Dickinson-Precinct No. 15,11
IA,EMMET,Emmet-AG-IL-Armstrong,6
IA,EMMET,Emmet-CN-SL-Gruver,2
IA,EMMET,Emmet-DM-JC-Ringsted,3
IA,EMMET,Emmet-EL-LN-Dolliver,2
IA,EMMET,Emmet-Emmet-Estherville,3
IA,EMMET,Emmet-Estherville Ward 1,8
IA,EMMET,Emmet-Estherville Ward 2,6
IA,EMMET,Emmet-Estherville Ward 3,7
IA,EMMET,Emmet-Estherville Ward 4,6
IA,EMMET,Emmet-Estherville Ward 5,4
IA,EMMET,Emmet-HL-TM-Wallingford,3
IA,GREENE,Greene-Central Precinct,7
IA,GREENE,Greene-East Precinct,11
IA,GREENE,Greene-Jefferson 1 Precinct,9
IA,GREENE,Greene-Jefferson 2 Precinct,10
IA,GREENE,Greene-Jefferson 3 Precinct,13
IA,GREENE,Greene-North Precinct,9
IA,GREENE,Greene-West Precinct,6
IA,HAMILTON,Hamilton-Precint 1,8
IA,HAMILTON,Hamilton-Precint 2,6
IA,HAMILTON,Hamilton-Precint 3,11
IA,HAMILTON,Hamilton-Precint 4,11
IA,HAMILTON,Hamilton-Precint 5,4
IA,HAMILTON,Hamilton-Webster City 1,18
IA,HAMILTON,Hamilton-Webster City 2,19
IA,HAMILTON,Hamilton-Webster City 3,13
IA,HUMBOLDT,Humboldt-Avery-North Weaver,3
IA,HUMBOLDT,Humboldt-Delana-Wacousta-North Rutland,3
IA,HUMBOLDT,Humboldt-Dakota City-Grove,5
IA,HUMBOLDT,Humboldt-Humboldt-West Vernon,2
IA,HUMBOLDT,Humboldt-Humboldt 1-Corinth-South Weaver,9
IA,HUMBOLDT,Humboldt-Humboldt 2-Beaver-South Norway,9
IA,HUMBOLDT,Humboldt-Humboldt 3-South Rutland,10
IA,HUMBOLDT,Humboldt-North Lake-East Vernon,2
IA,HUMBOLDT,Humboldt-South Lake-North Norway,2
IA,IDA,Ida-City of Arthur,3
IA,IDA,Ida-City of Holstein,8
IA,IDA,Ida-City of Galva,2
IA,IDA,Ida-Ida Grove Ward 1,3
IA,IDA,Ida-Ida Grove Ward 2,3
IA,IDA,Ida-Ida Grove Ward 3,4
IA,IDA,Ida-City of Battle Creek & Grant Township,7
IA,KOSSUTH,Kossuth-AL1,9
IA,KOSSUTH,Kossuth-AL2,10
IA,KOSSUTH,Kossuth-AL3,10
IA,KOSSUTH,Kossuth-AL4,8
IA,KOSSUTH,Kossuth-BF- PT,5
IA,KOSSUTH,Kossuth-BT- FT- UN,8
IA,KOSSUTH,Kossuth-CR- IV- RV,6
IA,KOSSUTH,Kossuth-CR 1,1
IA,KOSSUTH,Kossuth-CR 2,2
IA,KOSSUTH,Kossuth-EG- GT- HS- SW,4
IA,KOSSUTH,Kossuth-GF- WM,5
IA,KOSSUTH,Kossuth-GM- RM,6
IA,KOSSUTH,Kossuth-GW- SN,1
IA,KOSSUTH,Kossuth-HB- LY- LN- SF,4
IA,KOSSUTH,Kossuth-IV- PC,1
IA,KOSSUTH,Kossuth-LC,1
IA,KOSSUTH,Kossuth-LV- SM,3
IA,KOSSUTH,Kossuth-PC,1
IA,KOSSUTH,Kossuth-PR- WL,4
IA,KOSSUTH,Kossuth-UN,1
IA,LYON,Lyon-George Community Building,5
IA,LYON,Lyon-Doon Community Center,2
IA,LYON,Lyon-Inwood Community Center,3
IA,LYON,Lyon-Larchwood City Hall,6
IA,LYON,Lyon-Lester Community Center,1
IA,LYON,Lyon-Little Rock Town &amp; Country Building,2
IA,LYON,Lyon-Rock Rapids Forster Building N,5
IA,LYON,Lyon-Rock Rapids Forster Building S,6
IA,O'BRIEN,O'Brien-Carroll-Floyd,2
IA,O'BRIEN,O'Brien-Franklin,5
IA,O'BRIEN,O'Brien-Hartley-Lincoln-Omega,11
IA,O'BRIEN,O'Brien-Sheldon 1st Ward,5
IA,O'BRIEN,O'Brien-Sheldon 2nd Ward,5
IA,O'BRIEN,O'Brien-Sheldon 3rd Ward,5
IA,O'BRIEN,O'Brien-Summit-Center-Dale-Highland,9
IA,O'BRIEN,O'Brien-Union-Baker-Caledonia,7
IA,O'BRIEN,O'Brien-Waterman-Grant-Liberty,6
IA,OSCEOLA,Osceola-Ashton Precinct 0100,7
IA,OSCEOLA,Osceola-Harris Precinct 0200,4
IA,OSCEOLA,Osceola-May City Precint 0300,4
IA,OSCEOLA,Osceola-Melvin Precinct 0400,4
IA,OSCEOLA,Osceola-Osceola 1 Precinct 0600,9
IA,OSCEOLA,Osceola-Osceola 2 Precinct 0700,12
IA,OSCEOLA,Osceola-Osceola 3 Precinct 0800,14
IA,OSCEOLA,Osceola-Ocheyedan Precinct 0500,6
IA,PALO ALTO,Palo Alto-Emmetsburg Ward 1,7
IA,PALO ALTO,Palo Alto-Emmetsburg Ward 2,7
IA,PALO ALTO,Palo Alto-EM Ward 3/Ayrshire/pt. HL&WL&EM,12
IA,PALO ALTO,Palo Alto-EM Ward 4/FV/FR/VN/pt. EM,13
IA,PALO ALTO,Palo Alto-GR/RV/LI/pt. HL&WL,13
IA,PALO ALTO,Palo Alto-City of WB/EL/RL/BO/GO/NV,8
IA,PLYMOUTH,Plymouth-Akron Library,5
IA,PLYMOUTH,Plymouth-Brunsville Legion,3
IA,PLYMOUTH,Plymouth-Hinton Community Center,6
IA,PLYMOUTH,Plymouth-Kingsley Community Center,5
IA,PLYMOUTH,Plymouth-Le Mars Convention Center - 11,10
IA,PLYMOUTH,Plymouth-Le Mars Convention Center - 12,9
IA,PLYMOUTH,Plymouth-Le Mars Convention Center - 13,7
IA,PLYMOUTH,Plymouth-Kissinger Community Center,5
IA,PLYMOUTH,Plymouth-American Bank,2
IA,PLYMOUTH,Plymouth-Perry Township Hall,4
IA,PLYMOUTH,Plymouth-Remsen Library,5
IA,PLYMOUTH,Plymouth-Courthouse Annex,2
IA,PLYMOUTH,Plymouth-Westfield Community Center,2
IA,POCAHONTAS,Pocahontas-Bellville-Lizard-S Lake-S Lincoln,4
IA,POCAHONTAS,Pocahontas-Cedar-Colfax-Dover,7
IA,POCAHONTAS,Pocahontas-Des Moines-Cummins-Powhatan- N Garfield-N Sherman-N Roosevelt,9
IA,POCAHONTAS,Pocahontas-Grant-S Marshall-S Sherman,2
IA,POCAHONTAS,Pocahontas-Pocahontas #1,13
IA,POCAHONTAS,Pocahontas-Pocahontas #2,5
IA,POCAHONTAS,Pocahontas-Swan Lake-N Marshall,10
IA,SAC,Sac-Schaller,7
IA,SAC,Sac-Nemaha,2
IA,SAC,Sac-Early,4
IA,SAC,Sac-Sac City,18
IA,SAC,Sac-Lytton,3
IA,SAC,Sac-Odebolt,6
IA,SAC,Sac-Lake View,11
IA,SAC,Sac-Auburn,4
IA,SAC,Sac-Wall Lake,5
IA,SIOUX,Sioux-Alton/Nassau/East Orange,8
IA,SIOUX,Sioux-Floyd/Lynn,3
IA,SIOUX,Sioux-Grant/Sheridan,4
IA,SIOUX,Sioux-HW/BC/LG/WA/EG S,15
IA,SIOUX,Sioux-Lincoln,3
IA,SIOUX,Sioux-OC 1/Holland West,8
IA,SIOUX,Sioux-OC2/Holland E/NS 4-9,9
IA,SIOUX,Sioux-PL/GF/ST/SX/EG N,2
IA,SIOUX,Sioux-Reading/Center South,2
IA,SIOUX,Sioux-Rock Valley East,3
IA,SIOUX,Sioux-Rock Valley West/Rock,3
IA,SIOUX,Sioux-Sioux Center Central,5
IA,SIOUX,Sioux-SCN/Capel/Welcome,3
IA,SIOUX,Sioux-Sioux Center South,5
IA,SIOUX,Sioux-Sherman,1
IA,SIOUX,Sioux-West Branch/Center North,1
IA,WEBSTER,Webster-Fort Dodge 1,16
IA,WEBSTER,Webster-Fort Dodge 2,16
IA,WEBSTER,Webster-Fort Dodge 3,11
IA,WEBSTER,Webster-Fort Dodge 4,15
IA,WEBSTER,Webster-Fort Dodge 5,10
IA,WEBSTER,Webster-Fort Dodge 6,6
IA,WEBSTER,Webster-Fort Dodge 7,13
IA,WEBSTER,Webster-Fort Dodge 8,13
IA,WEBSTER,Webster-Fort Dodge 9,16
IA,WEBSTER,Webster-Fort Dodge 10,14
IA,WEBSTER,Webster-Fort Dodge 11,16
IA,WEBSTER,Webster-Fort Dodge 12,14
IA,WEBSTER,Webster-Badger-NW Cooper,8
IA,WEBSTER,Webster-Colfax-Duncombe,5
IA,WEBSTER,Webster-Cooper,2
IA,WEBSTER,Webster-Clay-Roland,4
IA,WEBSTER,Webster-Dayton-Burnside,9
IA,WEBSTER,Webster-Deer Creek-Jackson,4
IA,WEBSTER,Webster-Douglas,8
IA,WEBSTER,Webster-Elkhorn,5
IA,WEBSTER,Webster-Fulton,2
IA,WEBSTER,Webster-Gowrie,7
IA,WEBSTER,Webster-Johnson,3
IA,WEBSTER,Webster-Lost Grove,3
IA,WEBSTER,Webster-Newark,2
IA,WEBSTER,Webster-Otho-Pleasant Valley,10
IA,WEBSTER,Webster-Sumner-Webster-Yell-Hardi,6
IA,WEBSTER,Webster-Washington,2
IA,WOODBURY,Woodbury-1 SANDY KEANE DANCE,7
IA,WOODBURY,Woodbury-2 CROSS POINTE CHURCH,8
IA,WOODBURY,Woodbury-3 CONCORDIA LUTHERAN,9
IA,WOODBURY,Woodbury-4 SIOUXLAND CENTER,5
IA,WOODBURY,Woodbury-5 RIVERSIDE LUTHERAN,9
IA,WOODBURY,Woodbury-6 FAITH LUTHERAN CHURCH,8
IA,WOODBURY,Woodbury-7 CRESCENT PARK SCHOOL,8
IA,WOODBURY,Woodbury-8 MT. ZION BAPTIST CHURCH,5
IA,WOODBURY,Woodbury-9 MIDTOWN FAMILY COMM CTR,3
IA,WOODBURY,Woodbury-10 FIRST CONGREGATIONAL,7
IA,WOODBURY,Woodbury-11 GIRLS INC,4
IA,WOODBURY,Woodbury-12 ST JOHN LUTHERAN,9
IA,WOODBURY,Woodbury-13 SC TRANSIT SYSTEM,5
IA,WOODBURY,Woodbury-14 BOYS & GIRLS HOME,6
IA,WOODBURY,Woodbury-15 PEACE REFORMED/CONCORD,7
IA,WOODBURY,Woodbury-16 TRIMBLE UNITED METH CH,8
IA,WOODBURY,Woodbury-17 SC BAPTIST CHURCH,8
IA,WOODBURY,Woodbury-18 CALVARY LUTHERAN,8
IA,WOODBURY,Woodbury-19 CENTRAL BAPTIST CHURCH,8
IA,WOODBURY,Woodbury-20 AUGUSTANA LUTHERAN,5
IA,WOODBURY,Woodbury-21 M'SIDE LUTHERAN CHURCH,7
IA,WOODBURY,Woodbury-22 MORNINGSIDE LIBRARY,9
IA,WOODBURY,Woodbury-23 THIRD PRESBYTERIAN,8
IA,WOODBURY,Woodbury-24 WASHINGTON HEIGHTS,8
IA,WOODBURY,Woodbury-25 M'SIDE COLLEGE EPPLEY,7
IA,WOODBURY,Woodbury-26 EAST MIDDLE SCHOOL,7
IA,WOODBURY,Woodbury-27 ST JAMES UNITED METH.,8
IA,WOODBURY,Woodbury-28 REDEEMER LUTHERAN,10
IA,WOODBURY,Woodbury-29 SGT BLUFF EAST/WDBY,7
IA,WOODBURY,Woodbury-30 SGT BLUFF WEST,6
IA,WOODBURY,Woodbury-31 SALIX/LIB-LAK TWP,3
IA,WOODBURY,Woodbury-32 BRONSON/FLO-GRG TWP,2
IA,WOODBURY,Woodbury-33 PIERSON/RUTLAND TWP,1
IA,WOODBURY,Woodbury-34 C'VILLE/KED-UNI TWP,3
IA,WOODBURY,Woodbury-35 MOVILLE/ARL-MOV-WOL TW,5
IA,WOODBURY,Woodbury-36 LAWTON/BANNER TWP,3
IA,WOODBURY,Woodbury-37 CLIMBING HILL/GRT-WES,1
IA,WOODBURY,Woodbury-38 SLOAN/SLOAN TWP,2
IA,WOODBURY,Woodbury-39 HORNICK/WILLOW TWP,1
IA,WOODBURY,Woodbury-40 ANTHON/MILLER TWP,1
IA,WOODBURY,Woodbury-41 DANBURY/LIS-MOR TWP,1
IA,WOODBURY,Woodbury-42 SMITHLAND/LITTLE SIOUX,1
IA,WOODBURY,Woodbury-43 OTO/OTO TWP,1
IA,WOODBURY,Woodbury-44 CUSHING/ROCK TWP,1
IA,BOONE,Boone-Boone 1st Ward,9
IA,BOONE,Boone-Boone 2nd Ward,10
IA,BOONE,Boone-Boone 3rd Ward,10
IA,BOONE,Boone-Boone 4th Ward,13
IA,BOONE,Boone-Boone 5th Ward,10
IA,BOONE,Boone-Madrid 1st Ward,4
IA,BOONE,Boone-Madrid 2nd Ward,3
IA,BOONE,Boone-Madrid 3rd Ward,4
IA,BOONE,Boone-Ogden,8
IA,BOONE,Boone-Rural Precinct 1,4
IA,BOONE,Boone-Rural Precinct 2,7
IA,BOONE,Boone-Rural Precinct 3,3
IA,BOONE,Boone-Rural Precinct 4,6
IA,BOONE,Boone-Rural Precinct 5,3
IA,BOONE,Boone-Rural Precinct 6,6
IA,BUTLER,Butler-1-GR,10
IA,BUTLER,Butler-2-CL,11
IA,BUTLER,Butler-3-DU,4
IA,BUTLER,Butler-4-AL,5
IA,BUTLER,Butler-5-AP,5
IA,BUTLER,Butler-6-SR,11
IA,BUTLER,Butler-7-PB,9
IA,BUTLER,Butler-8-NH,5
IA,CERRO GORDO,Cerro Gordo-Clear Lake - Grant - Union,11
IA,CERRO GORDO,Cerro Gordo-Clear Lake - Ward 1,11
IA,CERRO GORDO,Cerro Gordo-Clear Lake - Ward 2,15
IA,CERRO GORDO,Cerro Gordo-Clear Lake - Ward 3,13
IA,CERRO GORDO,Cerro Gordo-Falls - Plymouth Pct,4
IA,CERRO GORDO,Cerro Gordo-Falls - Rock Falls Pct,3
IA,CERRO GORDO,Cerro Gordo-Grimes - Thornton Pct,2
IA,CERRO GORDO,Cerro Gordo-Grimes - Meservey Pct,1
IA,CERRO GORDO,Cerro Gordo-Geneseo Twp Pct,8
IA,CERRO GORDO,Cerro Gordo-Lime Creek / Mason N Twps,3
IA,CERRO GORDO,Cerro Gordo-Lake / Lincoln Twps Pct,2
IA,CERRO GORDO,Cerro Gordo-Mason City W-1 P-1,12
IA,CERRO GORDO,Cerro Gordo-Mason City W-1 P-2,15
IA,CERRO GORDO,Cerro Gordo-Mason City W-1 P-3,13
IA,CERRO GORDO,Cerro Gordo-Mason City W-2 P-1,11
IA,CERRO GORDO,Cerro Gordo-Mason City W-2 P-2,17
IA,CERRO GORDO,Cerro Gordo-Mason City W-2 P-3,13
IA,CERRO GORDO,Cerro Gordo-Mason City W-3 P-1,14
IA,CERRO GORDO,Cerro Gordo-Mason City W-3 P-2,13
IA,CERRO GORDO,Cerro Gordo-Mason City W-3 P-3,18
IA,CERRO GORDO,Cerro Gordo-Mason City W-4 P-1,12
IA,CERRO GORDO,Cerro Gordo-Mason City W-4 P-2,14
IA,CERRO GORDO,Cerro Gordo-Mason City W-4 P-3,15
IA,CERRO GORDO,Cerro Gordo-Mason S / Bath Twps,3
IA,CERRO GORDO,Cerro Gordo-Mt Vernon - Pl Valley Twps,3
IA,CERRO GORDO,Cerro Gordo-Portland - Owen - Dougherty,4
IA,CHICKASAW,Chickasaw-Bradford,17
IA,CHICKASAW,Chickasaw-Chickasaw,4
IA,CHICKASAW,Chickasaw-Dayton-Richland,5
IA,CHICKASAW,Chickasaw-Deerfield-Washington 2,7
IA,CHICKASAW,Chickasaw-Dresden-Fredericksburg,12
IA,CHICKASAW,Chickasaw-Jacksonville-Utica,5
IA,CHICKASAW,Chickasaw-City of New Hampton Ward One,7
IA,CHICKASAW,Chickasaw-City of New Hampton Ward Two,7
IA,CHICKASAW,Chickasaw-City of New Hampton Ward Three,10
IA,CHICKASAW,Chickasaw-City of New Hampton Ward Four,9
IA,CHICKASAW,Chickasaw-New Hampton Rural,5
IA,CHICKASAW,Chickasaw-Stapleton,8
IA,CHICKASAW,Chickasaw-Washington 1 Township,4
IA,FLOYD,Floyd-Charles City Corp/CC1,13
IA,FLOYD,Floyd-Charles City Corp/CC2,16
IA,FLOYD,Floyd-Charles City Corp/CC3,16
IA,FLOYD,Floyd-Floyd-Cedar-Niles,8
IA,FLOYD,Floyd-Rockford-Ulster,8
IA,FLOYD,Floyd-Rock Grove-Rudd,14
IA,FLOYD,Floyd-St Charles-Riverton,9
IA,FLOYD,Floyd-Scott-Union-Pleasant Grove,6
IA,FRANKLIN,Franklin-GENEVA/ INGHAM/ EAST MOTT,7
IA,FRANKLIN,Franklin-GRANT/ OSCEOLA,5
IA,FRANKLIN,Franklin-HAMILTON/ LEE/ REEVE,6
IA,FRANKLIN,Franklin-HAMPTON 1,7
IA,FRANKLIN,Franklin-HAMPTON 2,10
IA,FRANKLIN,Franklin-HAMPTON 3,10
IA,FRANKLIN,Franklin-HAMPTON 4,10
IA,FRANKLIN,Franklin-MARION,6
IA,FRANKLIN,Franklin-OAKLAND/ MORGAN,6
IA,FRANKLIN,Franklin-RICHLAND/ ROSS/ WEST FORK,16
IA,FRANKLIN,Franklin-WEST MOTT TOWNSHIP,4
IA,FRANKLIN,Franklin-WISNER/ SCOTT,3
IA,GRUNDY,Grundy-PRECINCT 1,10
IA,GRUNDY,Grundy-PRECINCT 2,3
IA,GRUNDY,Grundy-PRECINCT 3,5
IA,GRUNDY,Grundy-PRECINCT 4,3
IA,GRUNDY,Grundy-PRECINCT 5,13
IA,GRUNDY,Grundy-PRECINCT 6,13
IA,GRUNDY,Grundy-PRECINCT 7,13
IA,HANCOCK,Hancock-Precinct 1,5
IA,HANCOCK,Hancock-Precinct 2,3
IA,HANCOCK,Hancock-Precinct 3,2
IA,HANCOCK,Hancock-Precinct 4,10
IA,HANCOCK,Hancock-Precinct 5,1
IA,HANCOCK,Hancock-Precinct 6,16
IA,HANCOCK,Hancock-Precinct 7,4
IA,HANCOCK,Hancock-Precinct 8,3
IA,HANCOCK,Hancock-Precinct 9,4
IA,HANCOCK,Hancock-Precinct 10,2
IA,HARDIN,Hardin-Alden/Buckeye,11
IA,HARDIN,Hardin-Concord/Sherman/Grant/Tip,15
IA,HARDIN,Hardin-Eldora/Pleasant/Prov/Unio,11
IA,HARDIN,Hardin-Eldora City,18
IA,HARDIN,Hardin-Etna/Clay,17
IA,HARDIN,Hardin-Hardin/Ellis/Jackson,12
IA,HARDIN,Hardin-Iowa Falls #1,19
IA,HARDIN,Hardin-Iowa Falls #2,22
IA,HOWARD,Howard-Afton/Howard/Paris,11
IA,HOWARD,Howard-Albion/Forest City,6
IA,HOWARD,Howard-Cresco 1 A,5
IA,HOWARD,Howard-Vernon Springs,9
IA,HOWARD,Howard-Cresco 2,10
IA,HOWARD,Howard-Cresco 3,10
IA,HOWARD,Howard-New Oregon,6
IA,HOWARD,Howard-Jamestown/Oakdale,4
IA,HOWARD,Howard-Saratoga/Howard Ctr/Chest,4
IA,MARSHALL,Marshall-BANGOR/LISCOMB,3
IA,MARSHALL,Marshall-MARSHALLTOWN 1-2,10
IA,MARSHALL,Marshall-MARSHALLTOWN 2-1,13
IA,MARSHALL,Marshall-MARSHALLTOWN 2-2,14
IA,MARSHALL,Marshall-MARSHALLTOWN 3-1,12
IA,MARSHALL,Marshall-MARSHALLTOWN 3-2,16
IA,MARSHALL,Marshall-MARSHALLTOWN 4-1,13
IA,MARSHALL,Marshall-MARSHALLTOWN 4-2,12
IA,MARSHALL,Marshall-STATE CENTER,7
IA,MARSHALL,Marshall-TAYLOR,5
IA,MARSHALL,Marshall-TIMBER CREEK,4
IA,MARSHALL,Marshall-EDEN / LOGAN,7
IA,MARSHALL,Marshall-GREEN CASTLE,4
IA,MARSHALL,Marshall-JEFFERSON,4
IA,MARSHALL,Marshall-LEGRAND,6
IA,MARSHALL,Marshall-LIBERTY / MINERVA,3
IA,MARSHALL,Marshall-MARIETTA / WASHINGTON,3
IA,MARSHALL,Marshall-MARION / VIENNA,5
IA,MARSHALL,Marshall-MARSHALLTOWN 1-1,9
IA,MITCHELL,Mitchell 1,5
IA,MITCHELL,Mitchell 2,4
IA,MITCHELL,Mitchell 3,8
IA,MITCHELL,Mitchell 4,9
IA,MITCHELL,Osage 1,8
IA,MITCHELL,Osage 2,7
IA,MITCHELL,Osage 3,7
IA,MITCHELL,Osage 4,9
IA,MITCHELL,Mitchell 9,5
IA,MITCHELL,Mitchell 10,12
IA,MITCHELL,Mitchell 11,6
IA,STORY,Story-Ames 1-1,7
IA,STORY,Story-Ames 1-2,8
IA,STORY,Story-Ames 1-3 - Grant Twp 2,5
IA,STORY,Story-Ames 1-4,9
IA,STORY,Story-Ames 1-5,10
IA,STORY,Story-Ames 2-1,9
IA,STORY,Story-Ames 2-2,8
IA,STORY,Story-Ames 2-3,8
IA,STORY,Story-Ames 2-4,8
IA,STORY,Story-Ames 2-5,8
IA,STORY,Story-Ames 3-1,6
IA,STORY,Story-Ames 3-2,4
IA,STORY,Story-Ames 3-3,5
IA,STORY,Story-Ames 3-4,6
IA,STORY,Story-Ames 3-5,8
IA,STORY,Story-Ames 4-1,4
IA,STORY,Story-Ames 4-2,4
IA,STORY,Story-Ames 4-3,4
IA,STORY,Story-Ames 4-4,7
IA,STORY,Story-Ames 4-5,8
IA,STORY,Story-Collins Twp-Collins,1
IA,STORY,Story-Franklin Twp-Gilbert,7
IA,STORY,Story-Grant Township,1
IA,STORY,Story-Howard Twp-Roland,4
IA,STORY,Story-Huxley,6
IA,STORY,Story-Indian Creek Twp-Maxwell,3
IA,STORY,Story-Lafayette Township,1
IA,STORY,Story-Lincoln Twp-Zearing,1
IA,STORY,Story-Milford Township,1
IA,STORY,Story-Nevada 1,4
IA,STORY,Story-Nevada 2,4
IA,STORY,Story-Nevada 3-Grant Twp 3,4
IA,STORY,Story-Nevada 4,3
IA,STORY,Story-Nevada Township,1
IA,STORY,Story-New Albany Twp-Colo,2
IA,STORY,Story-Palestine Township,2
IA,STORY,Story-Richland Township,1
IA,STORY,Story-Sherman Township,1
IA,STORY,Story-Slater-Sheldahl-Pal 2,4
IA,STORY,Story-Story City,7
IA,STORY,Story-Union Twp-Cambridge,3
IA,STORY,Story-Warren Twp-McCallsburg,1
IA,STORY,Story-Washington Twp-Kelley,2
IA,WINNEBAGO,Winnebago-Buffalo Grant Lincoln,5
IA,WINNEBAGO,Winnebago-Center,10
IA,WINNEBAGO,Winnebago-Eden Logan Norway,2
IA,WINNEBAGO,Winnebago-Forest City Ward 1,4
IA,WINNEBAGO,Winnebago-Forest City Ward 2,3
IA,WINNEBAGO,Winnebago-Forest City Ward 4,3
IA,WINNEBAGO,Winnebago-FC3 Forest D3,5
IA,WINNEBAGO,Winnebago-King Linden,3
IA,WINNEBAGO,Winnebago-Mt. Valley,2
IA,WINNEBAGO,Winnebago-Newton Forest,3
IA,WORTH,Worth-Barton/Deer Creek/Union/Grafton,9
IA,WORTH,Worth-Lincoln/Manly,18
IA,WORTH,Worth-Bristol/Silver Lake/Joice,7
IA,WORTH,Worth-Brookfield/Kensett,7
IA,WORTH,Worth-Danville/Hanlontown,4
IA,WORTH,Worth-Fertile,6
IA,WORTH,Worth-Deer Creek/Grove/Hartland/Northwood,24
IA,WRIGHT,Wright-Rural Clarion,4
IA,WRIGHT,Wright-Belmond,22
IA,WRIGHT,Wright-Clarion,16
IA,WRIGHT,Wright-Dows,5
IA,WRIGHT,Wright-Eagle Grove #1,4
IA,WRIGHT,Wright-Eagle Grove #2,5
IA,WRIGHT,Wright-Eagle Grove #3,5
IA,WRIGHT,Wright-Eagle Grove #4,5
IA,WRIGHT,Wright-Goldfield,4
IA,WRIGHT,Wright-Eagle Grove/Troy,5
IA,ALLAMAKEE,Allamakee-Pct 1 - WL/HV,3
IA,ALLAMAKEE,Allamakee-Pct 10 - Waukon 2,9
IA,ALLAMAKEE,Allamakee-Pct 11 - Waukon 3,7
IA,ALLAMAKEE,Allamakee-Pct 2 - FC/JF/LL/MK/UP,12
IA,ALLAMAKEE,Allamakee-Pct 3 - PO/FK,3
IA,ALLAMAKEE,Allamakee-Pct 4 - PV City,5
IA,ALLAMAKEE,Allamakee-Pct 5 - LT/PC/WV City,4
IA,ALLAMAKEE,Allamakee-Pct 6 - FV/TL/HF City,6
IA,ALLAMAKEE,Allamakee-Pct 7 - CN/LF/LS/LS City,14
IA,ALLAMAKEE,Allamakee-Pct 8 - IA/UC/NA City,4
IA,ALLAMAKEE,Allamakee-Pct 9 - Waukon 1,8
IA,BENTON,Benton-Big Grove-Union-Van Horne,3
IA,BENTON,Benton-Benton-Canton-Shellsburg,8
IA,BENTON,Benton-Belle Plaine 1,3
IA,BENTON,Benton-Belle Plaine 2,2
IA,BENTON,Benton-Belle Plaine 3,2
IA,BENTON,Benton-Bruce-Cedar-Mt Auburn,2
IA,BENTON,Benton-Eden-Harrison-Taylor,4
IA,BENTON,Benton-Eldorado-Newhall,4
IA,BENTON,Benton-Florence-St Clair-Norway,5
IA,BENTON,Benton-Fremont-Atkins,7
IA,BENTON,Benton-Homer-Monroe-Jackson-Garrison,3
IA,BENTON,Benton-Iowa-Leroy-Luzerne-Blairstown,4
IA,BENTON,Benton-Kane-Keystone,2
IA,BENTON,Benton-Polk-Urbana,8
IA,BENTON,Benton-Vinton 1,4
IA,BENTON,Benton-Vinton 2,3
IA,BENTON,Benton-Vinton 3,4
IA,BENTON,Benton-Vinton 4,4
IA,BENTON,Benton-Walford,3
IA,BLACK HAWK,Black Hawk-Barclay Lester Dunkerton,5
IA,BLACK HAWK,Black Hawk-Bennington,1
IA,BLACK HAWK,Black Hawk-Big Creek La Porte,7
IA,BLACK HAWK,Black Hawk-Elk Run Heights & Raymond,7
IA,BLACK HAWK,Black Hawk-Black Hawk Hudson Lincoln,9
IA,BLACK HAWK,Black Hawk-Cedar Orange,7
IA,BLACK HAWK,Black Hawk-Eagle,1
IA,BLACK HAWK,Black Hawk-Evansdale W1,4
IA,BLACK HAWK,Black Hawk-Evansdale W2,4
IA,BLACK HAWK,Black Hawk-Evansdale W3,3
IA,BLACK HAWK,Black Hawk-Evansdale W4,4
IA,BLACK HAWK,Black Hawk-Mt Vernon,4
IA,BLACK HAWK,Black Hawk-Poyner P1 & East Wloo,3
IA,BLACK HAWK,Black Hawk-Poyner P2 Fox Gilbert Jesup,6
IA,BLACK HAWK,Black Hawk-Spring Creek,1
IA,BLACK HAWK,Black Hawk-Union,2
IA,BLACK HAWK,Black Hawk-Washington Janesville,2
IA,BLACK HAWK,Black Hawk-WL 1-1,8
IA,BLACK HAWK,Black Hawk-WL 1-2,7
IA,BLACK HAWK,Black Hawk-WL 1-3,8
IA,BLACK HAWK,Black Hawk-WL 1-4,8
IA,BLACK HAWK,Black Hawk-WL 1-5,7
IA,BLACK HAWK,Black Hawk-WL 1-6,7
IA,BLACK HAWK,Black Hawk-WL 2-1,5
IA,BLACK HAWK,Black Hawk-WL 2-2,6
IA,BLACK HAWK,Black Hawk-WL 2-3,9
IA,BLACK HAWK,Black Hawk-WL 2-4,11
IA,BLACK HAWK,Black Hawk-WL 2-5,8
IA,BLACK HAWK,Black Hawk-WL 2-6,7
IA,BLACK HAWK,Black Hawk-WL 3-1,7
IA,BLACK HAWK,Black Hawk-WL 3-2,9
IA,BLACK HAWK,Black Hawk-WL 3-3,7
IA,BLACK HAWK,Black Hawk-WL 3-4,6
IA,BLACK HAWK,Black Hawk-WL 3-5,11
IA,BLACK HAWK,Black Hawk-WL 3-6,6
IA,BLACK HAWK,Black Hawk-WL 4-1,10
IA,BLACK HAWK,Black Hawk-WL 4-2,7
IA,BLACK HAWK,Black Hawk-WL 4-3,5
IA,BLACK HAWK,Black Hawk-WL 4-4,8
IA,BLACK HAWK,Black Hawk-WL 4-5,11
IA,BLACK HAWK,Black Hawk-WL 4-6,5
IA,BLACK HAWK,Black Hawk-WL 5-1,5
IA,BLACK HAWK,Black Hawk-WL 5-2,8
IA,BLACK HAWK,Black Hawk-WL 5-3,7
IA,BLACK HAWK,Black Hawk-WL 5-4,8
IA,BLACK HAWK,Black Hawk-WL 5-5,8
IA,BLACK HAWK,Black Hawk-WL 5-6,7
IA,BLACK HAWK,Black Hawk-CF W1 P1,7
IA,BLACK HAWK,Black Hawk-CF W1 P2,12
IA,BLACK HAWK,Black Hawk-CF W1 P3,10
IA,BLACK HAWK,Black Hawk-CF W2 P1,3
IA,BLACK HAWK,Black Hawk-CF W2 P2 & CF Twp,9
IA,BLACK HAWK,Black Hawk-CF W2 P3,11
IA,BLACK HAWK,Black Hawk-CF W3 P1,7
IA,BLACK HAWK,Black Hawk-CF W3 P2,9
IA,BLACK HAWK,Black Hawk-CF W3 P3,6
IA,BLACK HAWK,Black Hawk-CF W4 P1,10
IA,BLACK HAWK,Black Hawk-CF W4 P2,7
IA,BLACK HAWK,Black Hawk-CF W4 P3,6
IA,BLACK HAWK,Black Hawk-CF W5 P1,10
IA,BLACK HAWK,Black Hawk-CF W5 P2,9
IA,BLACK HAWK,Black Hawk-CF W5 P3,8
IA,BREMER,Bremer-CITY OF DENVER/JEFFERSON TWP,9
IA,BREMER,Bremer-CITY OF FREDERIKA- FREDERIKA & LEROY TWP,2
IA,BREMER,Bremer-CITY OF JANESVILLE/JACKSON TWP,5
IA,BREMER,Bremer-LAFAYETTE TWP/WARREN TWPS,5
IA,BREMER,Bremer-CITY OF PLAINFIELD/POLK TWP/DOUGLAS TWP,3
IA,BREMER,Bremer-CITY OF READLYN- MAXFIELD & FRANKLIN TWP,5
IA,BREMER,Bremer-CITY OF SUMNER/SUMNER TWP/DAYTON TWP,7
IA,BREMER,Bremer-CITY OF TRIPOLI/FREMONT,5
IA,BREMER,Bremer-WAVERLY WARD I/E  WASHINGTON TWP,8
IA,BREMER,Bremer-WAVERLY WARD II/NE 1/4 SEC 36 WASHINGTON TWP,7
IA,BREMER,Bremer-WAVERLY WARD III,5
IA,BREMER,Bremer-WAVERLY WARD IV,6
IA,BREMER,Bremer-WAVERLY WARD V/W WASHINGTON TWP,8
IA,BUCHANAN,Buchanan-Aurora,5
IA,BUCHANAN,Buchanan-Brandon,3
IA,BUCHANAN,Buchanan-Fairbank,5
IA,BUCHANAN,Buchanan-Hazleton,4
IA,BUCHANAN,Buchanan-Independence 1st Ward,9
IA,BUCHANAN,Buchanan-Independence 2nd Ward,5
IA,BUCHANAN,Buchanan-Independence 3rd Ward,7
IA,BUCHANAN,Buchanan-Independence 4th Ward,5
IA,BUCHANAN,Buchanan-Independence 5th Ward,5
IA,BUCHANAN,Buchanan-Jesup,9
IA,BUCHANAN,Buchanan-Middlefield-Newton,3
IA,BUCHANAN,Buchanan-Perry-Westburg,5
IA,BUCHANAN,Buchanan-Quasqueton,5
IA,BUCHANAN,Buchanan-Rowley,4
IA,BUCHANAN,Buchanan-Winthrop,6
IA,CLAYTON,Clayton-BOARDMAN-HIGHLAND,15
IA,CLAYTON,Clayton-BUENA VISTA,3
IA,CLAYTON,Clayton-COX CREEK-SPERRY,5
IA,CLAYTON,Clayton-CLAYTON-GARNAVILLO,6
IA,CLAYTON,Clayton-CASS,10
IA,CLAYTON,Clayton-ELK-MALLORY-VOLGA,5
IA,CLAYTON,Clayton-FARMERSBURG-WAGNER,5
IA,CLAYTON,Clayton-GIARD-LUANA-MONONA,13
IA,CLAYTON,Clayton-GRAND MEADOW,2
IA,CLAYTON,Clayton-JEFFERSON-MILLVILLE,18
IA,CLAYTON,Clayton-LODOMILLO,3
IA,CLAYTON,Clayton-MENDON,12
IA,CLAYTON,Clayton-MARION,1
IA,CLAYTON,Clayton-READ,2
IA,DELAWARE,Delaware-Adams/Hazel Green,6
IA,DELAWARE,Delaware-Colony,4
IA,DELAWARE,Delaware-Delhi/Delaware Corp,6
IA,DELAWARE,Delaware-Delaware,5
IA,DELAWARE,Delaware-Honey Creek/Elk,9
IA,DELAWARE,Delaware-Manchester Ward 1,10
IA,DELAWARE,Delaware-Manchester Ward 2,10
IA,DELAWARE,Delaware-Manchester Ward 3,12
IA,DELAWARE,Delaware-Milo/Prairie,10
IA,DELAWARE,Delaware-Oneida/N Fork/Bremen,12
IA,DELAWARE,Delaware-Richland/Coffins Grove,8
IA,DELAWARE,Delaware-South Fork/Union,8
IA,FAYETTE,Fayette-AUBURN TWP,4
IA,FAYETTE,Fayette-BANKS-FREMONT TWP,7
IA,FAYETTE,Fayette-BETHEL-WINDSOR TWP,8
IA,FAYETTE,Fayette-CENTER TWP,2
IA,FAYETTE,Fayette-CLERMONT TWP,6
IA,FAYETTE,Fayette-DOVER TWP,4
IA,FAYETTE,Fayette-EDEN TWP,4
IA,FAYETTE,Fayette-FAIRBANK INC,4
IA,FAYETTE,Fayette-FAIRFIELD-PUTNAM TWP,7
IA,FAYETTE,Fayette-HARLAN TWP,8
IA,FAYETTE,Fayette-ILLYRIA TWP,4
IA,FAYETTE,Fayette-JEFFERSON TWP,6
IA,FAYETTE,Fayette-OELWEIN - WARD 1,14
IA,FAYETTE,Fayette-OELWEIN - WARD 2,14
IA,FAYETTE,Fayette-OELWEIN - WARD 3,15
IA,FAYETTE,Fayette-OELWEIN - WARD 4,18
IA,FAYETTE,Fayette-ORAN TWP,4
IA,FAYETTE,Fayette-PLEASANT VALLEY TWP,7
IA,FAYETTE,Fayette-SCOTT TWP,2
IA,FAYETTE,Fayette-SMITHFIELD TWP,2
IA,FAYETTE,Fayette-UNION TWP,3
IA,FAYETTE,Fayette-WEST UNION - WARD 1,8
IA,FAYETTE,Fayette-WEST UNION - WARD 2,6
IA,FAYETTE,Fayette-WEST UNION - WARD 3,6
IA,FAYETTE,Fayette-WESTFIELD TWP,12
IA,POWESHIEK,Poweshiek-BMWJ,16
IA,POWESHIEK,Poweshiek-DRL,2
IA,POWESHIEK,Poweshiek-MS,5
IA,POWESHIEK,Poweshiek-CGWS,8
IA,POWESHIEK,Poweshiek-1ST WARD - 06.06GR,26
IA,POWESHIEK,Poweshiek-2ND WARD - 07.07GR,21
IA,POWESHIEK,Poweshiek-3RD WARD - 08.08GR,14
IA,POWESHIEK,Poweshiek-4TH WARD - 09.09GR,18
IA,POWESHIEK,Poweshiek-JUPS,8
IA,POWESHIEK,Poweshiek-MONTEZUMA - 11.11MO,7
IA,TAMA,Tama-COLUMBIA/TAMA,16
IA,TAMA,Tama-CLARK/GENESEO,8
IA,TAMA,Tama-CARROLL/ONEIDA/N OTTER CR,3
IA,TAMA,Tama-CARLTON,5
IA,TAMA,Tama-GRANT,1
IA,TAMA,Tama-HIGHLAND/INDIAN VILLAGE,4
IA,TAMA,Tama-INDIAN SETTLEMENT,6
IA,TAMA,Tama-LINCOLN,1
IA,TAMA,Tama-PERRY/BUCKINGHAM/E CRYSTA,11
IA,TAMA,Tama-RICHLAND/SALT CREEK,3
IA,TAMA,Tama-S. OTTER CREEK,1
IA,TAMA,Tama-SPRING CREEK/W CRYSTAL,6
IA,TAMA,Tama-HOWARD/TOLEDO/TOLEDO 1,8
IA,TAMA,Tama-TOLEDO 2,4
IA,TAMA,Tama-TOLEDO 3,5
IA,TAMA,Tama-YORK,3
IA,WINNESHIEK,Winneshiek-PCT 1 - HE/HI/PL,7
IA,WINNESHIEK,Winneshiek-PCT 2 - FR/GL/DEW3/ DETSUP1,21
IA,WINNESHIEK,Winneshiek-PCT 3 - DEW1/DETSUP2,17
IA,WINNESHIEK,Winneshiek-PCT 4 - DEW2 (Decorah Ward 2),15
IA,WINNESHIEK,Winneshiek-PCT 5 - CN/DEW4/ DETSUP3,15
IA,WINNESHIEK,Winneshiek-PCT 6 - DEW5 (Decorah Ward 5),10
IA,WINNESHIEK,Winneshiek-PCT 7 - CA/SP,11
IA,WINNESHIEK,Winneshiek-PCT 8 - MI/BLM,8
IA,WINNESHIEK,Winneshiek-PCT 9 - BLF/BO/FR/LI/MA/ OR,12
IA,WINNESHIEK,Winneshiek-PCT 10 - JA/SU/WA,8
IA,WINNESHIEK,Winneshiek-PCT 11- DESUP5 (Decorah Twp Sup 5),1
IA,CLINTON,Clinton-BLOOMFIELD BROOKFIELD DEL,3
IA,CLINTON,Clinton-CAMANCHE 1,8
IA,CLINTON,Clinton-CAMANCHE 2,7
IA,CLINTON,Clinton-CENTER TWP,1
IA,CLINTON,Clinton-CLINTON 1-1,8
IA,CLINTON,Clinton-CLINTON 1-2,9
IA,CLINTON,Clinton-CLINTON 2-1,9
IA,CLINTON,Clinton-CLINTON 2-2,11
IA,CLINTON,Clinton-CLINTON 3-1,11
IA,CLINTON,Clinton-CLINTON 3-2,12
IA,CLINTON,Clinton-CLINTON 4-1,10
IA,CLINTON,Clinton-CLINTON 4-2,10
IA,CLINTON,Clinton-DEEP CREEK GOOSE LAKE,2
IA,CLINTON,Clinton-DEWITT 1,8
IA,CLINTON,Clinton-DEWITT 2,8
IA,CLINTON,Clinton-DEWITT TWP,3
IA,CLINTON,Clinton-EDEN CAMANCHE TWP,1
IA,CLINTON,Clinton-ELK RIVER HAMPSHIRE ANDOV,4
IA,CLINTON,Clinton-LIBERTY TORONTO,1
IA,CLINTON,Clinton-LOW MOOR,1
IA,CLINTON,Clinton-OLIVE GRANT CALAMUS,2
IA,CLINTON,Clinton-ORANGE GRAND MOUND,3
IA,CLINTON,Clinton-SHARON LOST NATION,1
IA,CLINTON,Clinton-SPRING ROCK WHEATLAND,3
IA,CLINTON,Clinton-WATERFORD CHARLOTTE,2
IA,CLINTON,Clinton-WELTON WASHINGTON WELTON,2
IA,DUBUQUE,Dubuque-Rockdale Methodist Church,9
IA,DUBUQUE,Dubuque-Theisens,9
IA,DUBUQUE,Dubuque-ARC Building,6
IA,DUBUQUE,Dubuque-Journey Church,10
IA,DUBUQUE,Dubuque-Tri-State Blind Five,10
IA,DUBUQUE,Dubuque-Summit Church,8
IA,DUBUQUE,Dubuque-Tri-State Blind Seven,11
IA,DUBUQUE,Dubuque-Emmaus Bible School,7
IA,DUBUQUE,Dubuque-Westminster Church Nine,8
IA,DUBUQUE,Dubuque-Westminster Church Ten,11
IA,DUBUQUE,Dubuque-U.A.W. Local 94 Hall,9
IA,DUBUQUE,Dubuque-Windsor Park,10
IA,DUBUQUE,Dubuque-Comiskey Park,7
IA,DUBUQUE,Dubuque-Sacred Heart Church,6
IA,DUBUQUE,Dubuque-Holy Trinity Church,8
IA,DUBUQUE,Dubuque-Election Annex,5
IA,DUBUQUE,Dubuque-St John's Church,5
IA,DUBUQUE,Dubuque-Federal Building,7
IA,DUBUQUE,Dubuque-Y Building,9
IA,DUBUQUE,Dubuque-Fogarty Hall,10
IA,DUBUQUE,Dubuque-Asbury Fire Station,8
IA,DUBUQUE,Dubuque-Meadow Golf Course,8
IA,DUBUQUE,Dubuque-Cascade City Hall,6
IA,DUBUQUE,Dubuque-Peosta Community Center,8
IA,DUBUQUE,Dubuque-Luxemburg City Hall,5
IA,DUBUQUE,Dubuque-Hope Church,7
IA,DUBUQUE,Dubuque-St. Francis Xavier Basement,3
IA,DUBUQUE,Dubuque-Dyersvill Social Center,3
IA,DUBUQUE,Dubuque-Beckman High School,5
IA,DUBUQUE,Dubuque-Farley Community Center,4
IA,DUBUQUE,Dubuque-Epworth Council Chamber,7
IA,DUBUQUE,Dubuque-SS Peter &amp; Paul School,8
IA,DUBUQUE,Dubuque-Key West Fire,9
IA,DUBUQUE,Dubuque-Bernard Fire Station,2
IA,DUBUQUE,Dubuque-Swiss Valley Nature Center,5
IA,JACKSON,Jackson-Bellevue Community Center - Pct 1,8
IA,JACKSON,Jackson-St. Donatus City Hall - Pct 2,2
IA,JACKSON,Jackson-LaMotte Recreation Center - Pct 3,2
IA,JACKSON,Jackson-St. Lawrence Community Hall - Pct 4,3
IA,JACKSON,Jackson-Monmouth City Hall - Pct 5,2
IA,JACKSON,Jackson-Andrew City Hall - Pct 6,3
IA,JACKSON,Jackson-Courthouse Courtroom - Pct 7,4
IA,JACKSON,Jackson-Springbrook City Hall - Pct 8,2
IA,JACKSON,Jackson-Preston Community Hall - Pct 9,4
IA,JACKSON,Jackson-Miles City Hall - Pct 10,2
IA,JACKSON,Jackson-Sabula City Hall - Pct 11,2
IA,JACKSON,Jackson-Senior Citizens Building - Pct 12/1st Ward,3
IA,JACKSON,Jackson-Skilled Unit Hospital Lobby - Pct 13/2nd Ward,3
IA,JACKSON,Jackson-Maquoketa City Hall - Pct 14/3rd Ward,3
IA,JACKSON,Jackson-Courthouse North Lobby - Pct 15/4th Ward,3
IA,JACKSON,Jackson-Maquoketa Fire Station - Pct 16/5th Ward,4
IA,SCOTT,Scott-(AG) Allen's Grove Township,1
IA,SCOTT,Scott-(B11) City of Bettendorf,6
IA,SCOTT,Scott-(B12) City of Bettendorf,6
IA,SCOTT,Scott-(B21) City of Bettendorf,4
IA,SCOTT,Scott-(B22) City of Bettendorf,6
IA,SCOTT,Scott-(B23) City of Bettendorf,1
IA,SCOTT,Scott-(B31) City of Bettendorf,5
IA,SCOTT,Scott-(B32) City of Bettendorf,6
IA,SCOTT,Scott-(B41) City of Bettendorf,4
IA,SCOTT,Scott-(B42) City of Bettendorf,6
IA,SCOTT,Scott-(B51) City of Bettendorf,6
IA,SCOTT,Scott-(B52) City of Bettendorf,5
IA,SCOTT,Scott-(BF) City of Buffalo,2
IA,SCOTT,Scott-(BG) Blue Grass Township,4
IA,SCOTT,Scott-(BU) Buffalo Township,5
IA,SCOTT,Scott-(D11) City of Davenport,5
IA,SCOTT,Scott-(D12) City of Davenport,6
IA,SCOTT,Scott-(D13) City of Davenport,7
IA,SCOTT,Scott-(D14) City of Davenport,5
IA,SCOTT,Scott-(D21) City of Davenport,6
IA,SCOTT,Scott-(D22) City of Davenport,4
IA,SCOTT,Scott-(D23) City of Davenport,4
IA,SCOTT,Scott-(D24) City of Davenport,6
IA,SCOTT,Scott-(D31) City of Davenport,5
IA,SCOTT,Scott-(D32) City of Davenport,4
IA,SCOTT,Scott-(D33) City of Davenport,4
IA,SCOTT,Scott-(D34) City of Davenport,5
IA,SCOTT,Scott-(D41) City of Davenport,7
IA,SCOTT,Scott-(D42) City of Davenport,5
IA,SCOTT,Scott-(D43) City of Davenport,5
IA,SCOTT,Scott-(D44) City of Davenport,5
IA,SCOTT,Scott-(D51) City of Davenport,7
IA,SCOTT,Scott-(D52) City of Davenport,5
IA,SCOTT,Scott-(D53) City of Davenport,6
IA,SCOTT,Scott-(D54) City of Davenport,5
IA,SCOTT,Scott-(D61) City of Davenport,4
IA,SCOTT,Scott-(D62) City of Davenport,4
IA,SCOTT,Scott-(D63) City of Davenport,6
IA,SCOTT,Scott-(D64) City of Davenport,8
IA,SCOTT,Scott-(D71) City of Davenport,6
IA,SCOTT,Scott-(D72) City of Davenport,6
IA,SCOTT,Scott-(D73) City of Davenport,6
IA,SCOTT,Scott-(D74) City of Davenport,4
IA,SCOTT,Scott-(D81) City of Davenport,6
IA,SCOTT,Scott-(D82) City of Davenport,7
IA,SCOTT,Scott-(D83) City of Davenport,6
IA,SCOTT,Scott-(D84) City of Davenport,3
IA,SCOTT,Scott-(DH) City of Donahue,1
IA,SCOTT,Scott-(EL1) City of Eldridge,5
IA,SCOTT,Scott-(EL2) City of Eldridge,5
IA,SCOTT,Scott-(HG) Hickory Grove Township,1
IA,SCOTT,Scott-(LB) Liberty Township,1
IA,SCOTT,Scott-(LC1) City of LeClaire,4
IA,SCOTT,Scott-(LC2) City of LeClaire,2
IA,SCOTT,Scott-(LCT) LeClaire Township,2
IA,SCOTT,Scott-(LG) City of Long Grove,1
IA,SCOTT,Scott-(MC) McCausland,1
IA,SCOTT,Scott-(PKV) Park View,4
IA,SCOTT,Scott-(PR) Princeton Township,2
IA,SCOTT,Scott-(PV) Pleasant Valley,2
IA,SCOTT,Scott-(RV) City of Riverdale,1
IA,SCOTT,Scott-(WC) Walcott Precinct,3
IA,SCOTT,Scott-(WF) Winfield Township,1
IA,CEDAR,Cedar-CASS/CENTER/IOWA/ROCHESTER,8
IA,CEDAR,Cedar-DAYTON/FAIRFIELD,5
IA,CEDAR,Cedar-FARMINGTON/SUGAR CREEK,8
IA,CEDAR,Cedar-FREMONT/RED OAK,4
IA,CEDAR,Cedar-GOWER/SPRINGDALE,6
IA,CEDAR,Cedar-INLAND,2
IA,CEDAR,Cedar-LINN/PIONEER,8
IA,CEDAR,Cedar-MASSILLON/SPRINGFIELD,5
IA,CEDAR,Cedar-TIPTON 1,4
IA,CEDAR,Cedar-TIPTON 2,4
IA,CEDAR,Cedar-TIPTON 3,4
IA,CEDAR,Cedar-WEST BRANCH 1,12
IA,JONES,Jones-ANN-ANAMOSA NORTH/CASS,9
IA,JONES,Jones-ANS-ANAMOSA SOUTH/JACKSON,14
IA,JONES,Jones-CGLW-CASTLE GRV/LOV/WAYN,8
IA,JONES,Jones-FV-FAIRVIEW,7
IA,JONES,Jones-GF-GREENFIELD,3
IA,JONES,Jones-MN1-MONTICELLO 1,4
IA,JONES,Jones-MN2-MONTICELLO 2,4
IA,JONES,Jones-MN3-MONTICELLO 3,4
IA,JONES,Jones-MN4-MONTICELLO 4,4
IA,JONES,Jones-OX-OXFORD,2
IA,JONES,Jones-RLWS-RICHLAND WASHINGTON,4
IA,JONES,Jones-ROHA-ROME/HALE,5
IA,JONES,Jones-SGMC-SC GRV/MADISON/CLAY,4
IA,JONES,Jones-WY-WYOMING,3
IA,LINN,Linn-CR01 River of Life Ministries,4
IA,LINN,Linn-CR02 Northbrook Baptist Church,4
IA,LINN,Linn-CR03 Noelridge Christian Church,3
IA,LINN,Linn-CR04 St Marks Lutheran Church,3
IA,LINN,Linn-CR05 Mt Zion Missionary Baptist Church,4
IA,LINN,Linn-CR06 Peace Christian Church,4
IA,LINN,Linn-CR07 Kirkwood Training Center,3
IA,LINN,Linn-CR08 Harding Middle School,4
IA,LINN,Linn-CR09 St Pius X Catholic Church,4
IA,LINN,Linn-CR10 Lovely Lane United Methodist Church,6
IA,LINN,Linn-CR11 Community of Christ,4
IA,LINN,Linn-CR12 Oakland Church of the Nazarene,5
IA,LINN,Linn-CR13 Isaac Newton Christian Academy,5
IA,LINN,Linn-CR14 Buffalo United Methodist Church,6
IA,LINN,Linn-CR15 Washington High School,4
IA,LINN,Linn-CR16 Franklin Middle School,5
IA,LINN,Linn-CR17 First Lutheran Church,5
IA,LINN,Linn-CR18 St James United Methodist Church,4
IA,LINN,Linn-CR19 CR Schools ELS Center,6
IA,LINN,Linn-CR20 Holy Redeemer Lutheran Church,6
IA,LINN,Linn-CR21 Immanuel Baptist Church,6
IA,LINN,Linn-CR22 First Presbyterian Church,3
IA,LINN,Linn-CR23 Johnson Elementary School,5
IA,LINN,Linn-CR24 Bethany Lutheran Church,6
IA,LINN,Linn-CR25 Calvin Sinclair Presbyterian Church,7
IA,LINN,Linn-CR26 Grant Wood Elementary School,7
IA,LINN,Linn-CR27 Linn County Day Care,5
IA,LINN,Linn-CR28 First Church of the Nazarene,6
IA,LINN,Linn-CR29 IBEW Local 405,6
IA,LINN,Linn-CR30 Gloria Dei Lutheran Church,6
IA,LINN,Linn-CR31 Cedar Hills Community Church,5
IA,LINN,Linn-CR32 Calvary Baptist Church,5
IA,LINN,Linn-CR33 Taylor Elementary School,6
IA,LINN,Linn-CR34 Linn County Elections Depot,5
IA,LINN,Linn-CR35 African-American Museum of Iowa,5
IA,LINN,Linn-CR36 St Stephens Lutheran Church,7
IA,LINN,Linn-CR37 Hope Lutheran Church,7
IA,LINN,Linn-CR38 Elks Lodge 251,5
IA,LINN,Linn-CR39 Linn County Community Services Building,6
IA,LINN,Linn-CR40 Salem Methodist Church,4
IA,LINN,Linn-CR41 Moose Lodge,6
IA,LINN,Linn-CR42 Grant Wood AEA,3
IA,LINN,Linn-CR43 Kirkwood Community College - Recreation Center,4
IA,LINN,Linn-CR44 Kirkwood Community College - Recreation Center,3
IA,LINN,Linn-FAI Fairfax Public Library,3
IA,LINN,Linn-HIA01 Hope United Church of Christ,5
IA,LINN,Linn-HIA02 Hiawatha City Hall -  Community Center Room,4
IA,LINN,Linn-HIA03 Hiawatha City Hall - Multipurpose Room,1
IA,LINN,Linn-HIA04 King of Kings Lutheran Church,1
IA,LINN,Linn-MR01 Marion Public Library,4
IA,LINN,Linn-MR02 Kirkwood Training Services,3
IA,LINN,Linn-MR03 Grace Baptist Church,4
IA,LINN,Linn-MR04 Marion School Admin Building,3
IA,LINN,Linn-MR05 Lutheran Church of the Resurrection,4
IA,LINN,Linn-MR06 First Baptist Church of Marion,6
IA,LINN,Linn-MR07 St Pauls Lutheran Church,4
IA,LINN,Linn-MR08 Squaw Creek Baptist Church,5
IA,LINN,Linn-MR09 Ascension Church,4
IA,LINN,Linn-MR10 Marion Fire Department Headquarters,4
IA,LINN,Linn-MR11 Marion Christian Church,4
IA,LINN,Linn-MR12 Lowe Park Arts and Environment Center,2
IA,LINN,Linn-MR13 Christ Community Church,3
IA,LINN,Linn-MR14 Faith Lutheran Church,2
IA,LINN,Linn-MVN Mount Vernon City Hall,3
IA,LINN,Linn-MVS St John the Baptist Catholic Church,6
IA,LINN,Linn-ROB Robins Community Center,4
IA,LINN,Linn-TBER Antioch Christian Church,5
IA,LINN,Linn-TBOU Prairieburg City Hall,1
IA,LINN,Linn-TBRO Springville Memorial Library,3
IA,LINN,Linn-TBUF Camp Wakonda Dakin Dining Hall,1
IA,LINN,Linn-TCLI Stoney Point YMCA,1
IA,LINN,Linn-TCOL Prairie High School,1
IA,LINN,Linn-TFAI Guaranty Bank -  Community Room,2
IA,LINN,Linn-TFAY Palo City Hall and Community Center,2
IA,LINN,Linn-TFRA Lisbon City Hall,5
IA,LINN,Linn-TGRA Walker Community Room,2
IA,LINN,Linn-TJAC American Legion Post 362,2
IA,LINN,Linn-TLIN Community Bible Church,1
IA,LINN,Linn-TMAI Falcon Civic Center,3
IA,LINN,Linn-TMAR Knights of Columbus Hall Council 5390,2
IA,LINN,Linn-TMON1 King of Kings Lutheran Church,3
IA,LINN,Linn-TMON2 Blair Ridge Baptist Church,2
IA,LINN,Linn-TOTT Alburnett United Methodist Church,2
IA,LINN,Linn-TPUT Ely Public Library,4
IA,LINN,Linn-TSPR North-Linn High School,1
IA,LINN,Linn-TWAS Center Point City Hall,5
IA,MUSCATINE,Muscatine-Seventy-Six/Cedar-Seventy,2
IA,MUSCATINE,Muscatine-Bloomington,7
IA,MUSCATINE,Muscatine-Fruitland One-City,5
IA,MUSCATINE,Muscatine-Fruitland Two/Lake-Fruitl,4
IA,MUSCATINE,Muscatine-Fulton/Montpelier-City,6
IA,MUSCATINE,Muscatine-Goshen-City,2
IA,MUSCATINE,Muscatine-Muscatine First,9
IA,MUSCATINE,Muscatine-Muscatine Second,9
IA,MUSCATINE,Muscatine-Muscatine Third,8
IA,MUSCATINE,Muscatine-Muscatine Fourth,7
IA,MUSCATINE,Muscatine-Muscatine Fifth,7
IA,MUSCATINE,Muscatine-Muscatine Sixth,10
IA,MUSCATINE,Muscatine-Muscatine Seventh,8
IA,MUSCATINE,Muscatine-Muscatine Eighth,8
IA,MUSCATINE,Muscatine-Muscatine Ninth,9
IA,MUSCATINE,Muscatine-Muscatine Tenth,9
IA,MUSCATINE,Muscatine-Orono-City,1
IA,MUSCATINE,Muscatine-Pike-City,3
IA,MUSCATINE,Muscatine-Sweetland,7
IA,MUSCATINE,Muscatine-Wilton City,10
IA,MUSCATINE,Muscatine-West Liberty 2,6
IA,MUSCATINE,Muscatine-West Liberty/Wapsie-WL1 C,10
IA,MUSCATINE,Muscatine-Wilton/Moscow-Wilton,3
IA,DES MOINES,Des Moines-PCT 1T,6
IA,DES MOINES,Des Moines-PCT 2,7
IA,DES MOINES,Des Moines-PCT 3,5
IA,DES MOINES,Des Moines-PCT 4,6
IA,DES MOINES,Des Moines-PCT 5,5
IA,DES MOINES,Des Moines-PCT 6,4
IA,DES MOINES,Des Moines-PCT 7,7
IA,DES MOINES,Des Moines-PCT 8,7
IA,DES MOINES,Des Moines-PCT 9,6
IA,DES MOINES,Des Moines-PCT DM,3
IA,DES MOINES,Des Moines-PCT FM,5
IA,DES MOINES,Des Moines-PCT HJ,2
IA,DES MOINES,Des Moines-PCT MY,4
IA,DES MOINES,Des Moines-PCT PW,1
IA,DES MOINES,Des Moines-PCT UNION,1
IA,DES MOINES,Des Moines-PCT WB,6
IA,HENRY,Henry-Central Precinct,15
IA,HENRY,Henry-Mt. Pleasant Ward 1,13
IA,HENRY,Henry-Mt. Pleasant Ward 2,13
IA,HENRY,Henry-Mt. Pleasant Ward 3,12
IA,HENRY,Henry-Mt. Pleasant Ward 4,8
IA,HENRY,Henry-Northeast Precinct,9
IA,HENRY,Henry-Northwest Precinct,10
IA,HENRY,Henry-Southeast Precinct,22
IA,HENRY,Henry-Southwest Precinct,8
IA,IOWA,Iowa-Dayton/English I,3
IA,IOWA,Iowa-English II,7
IA,IOWA,Iowa-Fillmore/Greene,8
IA,IOWA,Iowa-Honey Creek/Marengo Rural,4
IA,IOWA,Iowa-Hartford II/Lincoln,6
IA,IOWA,Iowa-Hartford I/Sumner,4
IA,IOWA,Iowa-Hilton/Washington,8
IA,IOWA,Iowa-Lenox/Iowa,18
IA,IOWA,Iowa-Marengo City,16
IA,IOWA,Iowa-Pilot/Troy/York,6
IA,IOWA,Iowa-Williamsburg,20
IA,JOHNSON,Johnson-BIG GROVE TOWNSHIP,4
IA,JOHNSON,Johnson-CLEAR CREEK/TIFFIN,6
IA,JOHNSON,Johnson-CEDAR TOWNSHIP,1
IA,JOHNSON,Johnson-CORALVILLE 01,7
IA,JOHNSON,Johnson-CORALVILLE 02,7
IA,JOHNSON,Johnson-CORALVILLE 03,4
IA,JOHNSON,Johnson-CORALVILLE 04,7
IA,JOHNSON,Johnson-CORALVILLE 05,7
IA,JOHNSON,Johnson-CORALVILLE 06,7
IA,JOHNSON,Johnson-CORALVILLE 07,8
IA,JOHNSON,Johnson-FREMONT-LINCOLN (INCLUDES,4
IA,JOHNSON,Johnson-GRAHAM TOWNSHIP,1
IA,JOHNSON,Johnson-HARDIN TOWNSHIP,1
IA,JOHNSON,Johnson-HILLS,2
IA,JOHNSON,Johnson-IOWA CITY 01,11
IA,JOHNSON,Johnson-IOWA CITY 02,9
IA,JOHNSON,Johnson-IOWA CITY 03,6
IA,JOHNSON,Johnson-IOWA CITY 04,8
IA,JOHNSON,Johnson-IOWA CITY 05,6
IA,JOHNSON,Johnson-IOWA CITY 06,10
IA,JOHNSON,Johnson-IOWA CITY 07,6
IA,JOHNSON,Johnson-IOWA CITY 08,8
IA,JOHNSON,Johnson-IOWA CITY 09,9
IA,JOHNSON,Johnson-IC 10/ELSW,6
IA,JOHNSON,Johnson-IOWA CITY 11,6
IA,JOHNSON,Johnson-IC 12/EAST LUCAS SE,8
IA,JOHNSON,Johnson-IOWA CITY 13,7
IA,JOHNSON,Johnson-IOWA CITY 14,9
IA,JOHNSON,Johnson-IOWA CITY 15,6
IA,JOHNSON,Johnson-IOWA CITY 16,10
IA,JOHNSON,Johnson-IOWA CITY 17,12
IA,JOHNSON,Johnson-IOWA CITY 18,12
IA,JOHNSON,Johnson-IOWA CITY 19,6
IA,JOHNSON,Johnson-IOWA CITY 20,7
IA,JOHNSON,Johnson-IOWA CITY 21,9
IA,JOHNSON,Johnson-IOWA CITY 22,7
IA,JOHNSON,Johnson-IOWA CITY 23,11
IA,JOHNSON,Johnson-IOWA CITY 24,8
IA,JOHNSON,Johnson-JEFFERSON EAST/SHUEYVILLE,5
IA,JOHNSON,Johnson-JW/MN/SW,5
IA,JOHNSON,Johnson-LIBERTY-PLEASANT VALLEY,2
IA,JOHNSON,Johnson-NORTH LIBERTY 01,6
IA,JOHNSON,Johnson-NORTH LIBERTY 02,6
IA,JOHNSON,Johnson-NORTH LIBERTY 03 (PW),6
IA,JOHNSON,Johnson-NORTH LIBERTY 04,6
IA,JOHNSON,Johnson-NORTH LIBERTY 05,6
IA,JOHNSON,Johnson-NL06/MADISON /CCN,8
IA,JOHNSON,Johnson-NEWPORT TOWNSHIP,7
IA,JOHNSON,Johnson-OXFORD TOWNSHIP/OXFORD,4
IA,JOHNSON,Johnson-PENN/ EAST LUCAS NORTH,9
IA,JOHNSON,Johnson-SCOTT TWP-WEST BRANCH,4
IA,JOHNSON,Johnson-SHARON TOWNSHIP,1
IA,JOHNSON,Johnson-SOLON,5
IA,JOHNSON,Johnson-UNIVERSITY HEIGHTS,4
IA,JOHNSON,Johnson-UNION TOWNSHIP,2
IA,JOHNSON,Johnson-WEST LUCAS TOWNSHIP,3
IA,JOHNSON,Johnson-WASHINGTON TOWNSHIP,1
IA,KEOKUK,Keokuk-Adams,2
IA,KEOKUK,Keokuk-Benton/Steady Run,5
IA,KEOKUK,Keokuk-English River/Liberty,4
IA,KEOKUK,Keokuk-Jackson,2
IA,KEOKUK,Keokuk-East/West Lancaster,1
IA,KEOKUK,Keokuk-Lafayette/Clear Creek,6
IA,KEOKUK,Keokuk-Prairie,1
IA,KEOKUK,Keokuk-Richland,2
IA,KEOKUK,Keokuk-Sigourney 1st Ward,2
IA,KEOKUK,Keokuk-Sigourney 2nd Ward,2
IA,KEOKUK,Keokuk-Sigourney 3rd Ward,2
IA,KEOKUK,Keokuk-Sigourney 4th Ward,2
IA,KEOKUK,Keokuk-Sigourney/Plank/Van Buren,3
IA,KEOKUK,Keokuk-What Cheer/Washington,4
IA,KEOKUK,Keokuk-Warren,2
IA,LEE,Lee-CENTRAL LEE HIGH SCHOOL-C,7
IA,LEE,Lee-FM1,5
IA,LEE,Lee-FM2,8
IA,LEE,Lee-FM3,10
IA,LEE,Lee-FM4A,8
IA,LEE,Lee-FM4B,3
IA,LEE,Lee-FM5,10
IA,LEE,Lee-PILOT GROVE BANK COMM A,9
IA,LEE,Lee-PILOT GROVE BANK COMM B,1
IA,LEE,Lee-JIM BAIER FORD-JF,5
IA,LEE,Lee-JACKSON TWP FIRE STATION-,7
IA,LEE,Lee-KE1,5
IA,LEE,Lee-KE2A,2
IA,LEE,Lee-KE2B,4
IA,LEE,Lee-KE3,6
IA,LEE,Lee-KE4,6
IA,LEE,Lee-KE5,7
IA,LEE,Lee-KE6,7
IA,LEE,Lee-KE7,7
IA,LEE,Lee-IVOR FOWLER COMM CENTER-M,8
IA,LEE,Lee-WEST POINT LIBRARY-PR,14
IA,LEE,Lee-GRACE BIBLE CHURCH-GB,11
IA,LOUISA,Louisa-Columbus Junction,8
IA,LOUISA,Louisa-Grandview-Port Louisa,10
IA,LOUISA,Louisa-Morning Sun - Marshall,6
IA,LOUISA,Louisa-Southeast Louisa,16
IA,LOUISA,Louisa-West Louisa,10
IA,WASHINGTON,Washington-Ainsworth,8
IA,WASHINGTON,Washington-Brighton/Marion/Crawford,5
IA,WASHINGTON,Washington-Kalona,8
IA,WASHINGTON,Washington-Riverside,7
IA,WASHINGTON,Washington-West Chester,2
IA,WASHINGTON,Washington-Wellman,8
IA,WASHINGTON,Washington-Ward One,6
IA,WASHINGTON,Washington-Ward Two,7
IA,WASHINGTON,Washington-Ward Three,7
IA,WASHINGTON,Washington-Ward Four,7